math,expp,enroll,lunch,distid,year,lagexpp
32.29999923706055,5341.484375,1100,39.20000076293945,1010,1993,4835.591796875
39.099998474121094,5646.74072265625,1011,38.599998474121094,1010,1994,5341.484375
68,6338.9072265625,995,37.40999984741211,1010,1995,5646.74072265625
68.4000015258789,6296.2236328125,1008,40.790000915527344,1010,1996,6338.9072265625
49,6134,1066,43.84000015258789,1010,1997,6296.2236328125
75,6376.6748046875,1058,42.61000061035156,1010,1998,6134
28.600000381469727,3827.56396484375,126,38.599998474121094,2010,1993,3941.00146484375
37.5,3880.37451171875,126,52.599998474121094,2010,1994,3827.56396484375
40,8978.1005859375,59,51.52000045776367,2010,1995,3880.37451171875
83.30000305175781,8830.0576171875,60,47.29999923706055,2010,1996,8978.1005859375
90,8854,56,52.2400016784668,2010,1997,8830.0576171875
67,9279.4599609375,48,56.599998474121094,2010,1998,8854
37.5,8441.5224609375,76,59.20000076293945,2020,1993,7297.4306640625
100,8027.166015625,78,50,2020,1994,8441.5224609375
57.099998474121094,8468.3759765625,82,51.220001220703125,2020,1995,8027.166015625
50,9310.8408203125,81,62.5,2020,1996,8468.3759765625
40,9942,84,48.810001373291016,2020,1997,9310.8408203125
50,10377.359375,76,56.40999984741211,2020,1998,9942
32.900001525878906,3955.29736328125,1112,24,2070,1993,4153.78125
54.20000076293945,4089.392822265625,1106,25.299999237060547,2070,1994,3955.29736328125
63.20000076293945,4541.18115234375,1133,28.850000381469727,2070,1995,4089.392822265625
73.9000015258789,4765.8984375,1136,24.93000030517578,2070,1996,4541.18115234375
63,4863,1140,26.709999084472656,2070,1997,4765.8984375
84,5033.59521484375,1102,28.1299991607666,2070,1998,4863
48.599998474121094,5020.484375,481,40.79999923706055,2080,1993,4566.7568359375
31,5704.1396484375,469,40.70000076293945,2080,1994,5020.484375
50,6474.763671875,457,40.16999816894531,2080,1995,5704.1396484375
57.099998474121094,6366.806640625,447,36.630001068115234,2080,1996,6474.763671875
50,6806,432,39.95000076293945,2080,1997,6366.806640625
87,6246.69921875,434,38.939998626708984,2080,1998,6806
37.5,4116.35302734375,1842,19.700000762939453,3000,1993,3968.456787109375
55.70000076293945,4419.70654296875,1872,19.5,3000,1994,4116.35302734375
58.79999923706055,5223.6220703125,1822,21.40999984741211,3000,1995,4419.70654296875
65,5280.43994140625,1845,21.100000381469727,3000,1996,5223.6220703125
62,3768,425,20.920000076293945,3000,1997,5280.43994140625
75,5539.7119140625,1691,21.170000076293945,3000,1998,3768
41.29999923706055,4622.84423828125,2656,12.899999618530273,3010,1993,4294.490234375
60.5,4830.162109375,2715,13,3010,1994,4622.84423828125
61.900001525878906,5628.03125,2551,15.960000038146973,3010,1995,4830.162109375
70.4000015258789,5658.92919921875,2622,16.020000457763672,3010,1996,5628.03125
61,5597,2702,16.190000534057617,3010,1997,5658.92919921875
72,5491.46337890625,2746,15.770000457763672,3010,1998,5597
44.5,4041.93408203125,2403,20.100000381469727,3020,1993,3887.234619140625
59.599998474121094,4282.166015625,2459,20.299999237060547,3020,1994,4041.93408203125
64.5999984741211,4835.009765625,2434,20.260000228881836,3020,1995,4282.166015625
72.5,4886.60595703125,2428,19.40999984741211,3020,1996,4835.009765625
75,5157,2442,19.459999084472656,3020,1997,4886.60595703125
84,5223.634765625,2425,19.8799991607666,3020,1998,5157
35.5,3948.633056640625,3016,20.899999618530273,3030,1993,4000.48828125
59.70000076293945,4216.10302734375,3031,21.799999237060547,3030,1994,3948.633056640625
58.70000076293945,4843.43505859375,2922,22.15999984741211,3030,1995,4216.10302734375
58.29999923706055,5156.66357421875,2930,22.209999084472656,3030,1996,4843.43505859375
57,5223,2977,24.309999465942383,3030,1997,5156.66357421875
70,5494.4169921875,2999,22.729999542236328,3030,1998,5223
45.900001525878906,4326.2802734375,2786,20,3040,1993,4208.69189453125
56.70000076293945,4855.07080078125,2849,19.899999618530273,3040,1994,4326.2802734375
62.099998474121094,5380.541015625,2892,17.719999313354492,3040,1995,4855.07080078125
78,5239.52197265625,3004,18.719999313354492,3040,1996,5380.541015625
72,5407,3166,17.920000076293945,3040,1997,5239.52197265625
80,5593.8681640625,3222,20.31999969482422,3040,1998,5407
34.79999923706055,4716.14501953125,1643,33.400001525878906,3050,1993,4653.69921875
38.29999923706055,5008.8564453125,1643,30.299999237060547,3050,1994,4716.14501953125
45.70000076293945,5727.02734375,1521,34.20000076293945,3050,1995,5008.8564453125
42.599998474121094,5494.2353515625,1553,30.84000015258789,3050,1996,5727.02734375
43,5762,1602,30.34000015258789,3050,1997,5494.2353515625
67,5982.81005859375,1612,31.59000015258789,3050,1998,5762
41.29999923706055,4378.484375,873,28.399999618530273,3060,1993,4293.34619140625
48.400001525878906,4783.59326171875,860,29.399999618530273,3060,1994,4378.484375
49.400001525878906,5317.35205078125,859,30.690000534057617,3060,1995,4783.59326171875
68.5999984741211,5476.84521484375,842,29.719999313354492,3060,1996,5317.35205078125
43,5654,825,24.1200008392334,3060,1997,5476.84521484375
70,5822.31005859375,816,23.770000457763672,3060,1998,5654
31.600000381469727,4058.594970703125,1305,22.100000381469727,3070,1993,3923.841796875
47.099998474121094,4122.9658203125,1369,21.600000381469727,3070,1994,4058.594970703125
58.900001525878906,4986.6630859375,1365,20.239999771118164,3070,1995,4122.9658203125
48.5,5198.60400390625,1352,19.790000915527344,3070,1996,4986.6630859375
62,5479,1324,18.790000915527344,3070,1997,5198.60400390625
80,5482.60107421875,1314,19,3070,1998,5479
44.20000076293945,6373.34912109375,594,18.700000762939453,3080,1993,6699.13037109375
54.900001525878906,6458.98779296875,657,21.200000762939453,3080,1994,6373.34912109375
65.4000015258789,6626.4169921875,691,21.530000686645508,3080,1995,6458.98779296875
61,6997.9638671875,700,25.709999084472656,3080,1996,6626.4169921875
48,6609,694,20.5,3080,1997,6997.9638671875
77,7098.4326171875,693,20.530000686645508,3080,1998,6609
46.79999923706055,4970.50146484375,2774,13.300000190734863,3100,1993,4714.330078125
46.70000076293945,4295.162109375,2112,10.899999618530273,3100,1994,4970.50146484375
65.30000305175781,4623.32666015625,2131,11.920000076293945,3100,1995,4295.162109375
64.0999984741211,4913.20263671875,2132,9.59000015258789,3100,1996,4623.32666015625
62,4894,2224,11.630000114440918,3100,1997,4913.20263671875
80,4967.62255859375,2219,10.8100004196167,3100,1998,4894
25,2836.795654296875,51,0,3440,1993,2482.430419921875
75,3255.48583984375,50,0,3440,1994,2836.795654296875
60,5864.98974609375,31,0,3440,1995,3255.48583984375
77.80000305175781,7060.36328125,30,0,3440,1996,5864.98974609375
14,8216,27,0,3440,1997,7060.36328125
100,7539.5615234375,26,0,3440,1998,8216
35.29999923706055,4505.10693359375,2078,41.5,4000,1993,4238.435546875
38.70000076293945,4920.05078125,2049,40.099998474121094,4000,1994,4505.10693359375
60.400001525878906,5233.10009765625,1992,34.9900016784668,4000,1995,4920.05078125
65,3595.650146484375,476,34.08000183105469,4000,1996,5233.10009765625
55,3654,476,35.130001068115234,4000,1997,3595.650146484375
72,3827.383544921875,465,36.43000030517578,4000,1998,3654
47.5,4181.8857421875,5945,30.899999618530273,4010,1993,4080.566650390625
47.5,4456.5283203125,5954,30,4010,1994,4181.8857421875
63.099998474121094,4961.3876953125,5773,32.38999938964844,4010,1995,4456.5283203125
64.9000015258789,5235.43017578125,5842,31.270000457763672,4010,1996,4961.3876953125
57,5305,5843,32.16999816894531,4010,1997,5235.43017578125
70,5543.650390625,5713,34.11000061035156,4010,1998,5305
15.399999618530273,5394.79931640625,186,45.5,5010,1993,4964.86083984375
15.399999618530273,5704.1396484375,180,45.900001525878906,5010,1994,5394.79931640625
27.299999237060547,5402.6572265625,192,50.25,5010,1995,5704.1396484375
33.29999923706055,6165.28662109375,190,48.41999816894531,5010,1996,5402.6572265625
9,6283,193,47.91999816894531,5010,1997,6165.28662109375
50,6927.10107421875,188,45.310001373291016,5010,1998,6283
50,5157.103515625,491,32.29999923706055,5035,1993,4931.685546875
51.400001525878906,5707.388671875,486,33.099998474121094,5035,1994,5157.103515625
48.79999923706055,6130.3837890625,512,33.459999084472656,5035,1995,5707.388671875
58.5,6312.5908203125,501,31.020000457763672,5035,1996,6130.3837890625
76,6831,498,33.20000076293945,5035,1997,6312.5908203125
65,6129.5244140625,520,32.09000015258789,5035,1998,6831
44.20000076293945,5054.9169921875,626,26.100000381469727,5040,1993,4963.71728515625
59.599998474121094,5712.8037109375,616,22.5,5040,1994,5054.9169921875
79.69999694824219,5934.498046875,636,20.09000015258789,5040,1995,5712.8037109375
78,5853.28857421875,658,19.559999465942383,5040,1996,5934.498046875
79,6120,654,19.8799991607666,5040,1997,5853.28857421875
97,5993.64111328125,650,19.790000915527344,5040,1998,6120
50.5,5444.78173828125,1276,23.399999618530273,5060,1993,5201.6640625
70.4000015258789,5504.86865234375,1338,23.299999237060547,5060,1994,5444.78173828125
82.69999694824219,5798.6416015625,1358,21.40999984741211,5060,1995,5504.86865234375
82,5784.75146484375,1439,21.25,5060,1996,5798.6416015625
84,5983,1449,22.6299991607666,5060,1997,5784.75146484375
77,5494.4169921875,1443,24.950000762939453,5060,1998,5983
52.900001525878906,4630.619140625,273,27.399999618530273,5065,1993,4416.89599609375
28.600000381469727,5198.38037109375,278,29.200000762939453,5065,1994,4630.619140625
60.900001525878906,5435.30517578125,291,29.719999313354492,5065,1995,5198.38037109375
57.099998474121094,5889.091796875,287,27.920000076293945,5065,1996,5435.30517578125
85,6769,264,39.439998626708984,5065,1997,5889.091796875
71,6728.19921875,255,31.75,5065,1998,6769
19.700000762939453,4563.9755859375,991,34.29999923706055,5070,1993,4736.0654296875
50.79999923706055,5034.84814453125,970,30.5,5070,1994,4563.9755859375
60.29999923706055,5474.271484375,1025,33.59000015258789,5070,1995,5034.84814453125
54.5,5701.89306640625,1038,40.47999954223633,5070,1996,5474.271484375
51,6112,1067,53.900001525878906,5070,1997,5701.89306640625
82,5816.40185546875,1097,55.619998931884766,5070,1998,6112
15.600000381469727,4601.740234375,524,44.099998474121094,6010,1993,4064.551025390625
22.200000762939453,4583.23876953125,523,42.29999923706055,6010,1994,4601.740234375
44.70000076293945,4969.81298828125,519,49.599998474121094,6010,1995,4583.23876953125
29.700000762939453,5228.26953125,506,47.279998779296875,6010,1996,4969.81298828125
44,5508,489,47.349998474121094,6010,1997,5228.26953125
69,5902.0673828125,479,49.09000015258789,6010,1998,5508
45,4394.03466796875,570,31.399999618530273,6020,1993,4337.96142578125
64.30000305175781,4657.9658203125,577,30,6020,1994,4394.03466796875
60.5,5404.763671875,580,35.54999923706055,6020,1995,4657.9658203125
50,5710.07666015625,578,32.43000030517578,6020,1996,5404.763671875
70,5641,605,31.760000228881836,6020,1997,5710.07666015625
75,5363.45703125,603,37.72999954223633,6020,1998,5641
40,3772.027587890625,2171,33.79999923706055,6050,1993,3754.533203125
43,4051.48779296875,2202,32.5,6050,1994,3772.027587890625
51.5,4725.48193359375,2128,38.81999969482422,6050,1995,4051.48779296875
37.599998474121094,4719.8662109375,2167,37.43000030517578,6050,1996,4725.48193359375
43,4889,2090,34.95000076293945,6050,1997,4719.8662109375
70,5084.79736328125,2078,34.310001373291016,6050,1998,4889
37.5,4297.4013671875,54,61.79999923706055,7010,1993,3643.5673828125
80,3880.37451171875,62,62.5,7010,1994,4297.4013671875
88.9000015258789,7810.1572265625,37,59.459999084472656,7010,1995,3880.37451171875
50,8431.109375,35,48.56999969482422,7010,1996,7810.1572265625
40,7739,37,54.04999923706055,7010,1997,8431.109375
60,8526.193359375,27,55.560001373291016,7010,1998,7739
38.900001525878906,4939.4013671875,878,40.70000076293945,7040,1993,5055.2353515625
38.5,5065.171875,847,37.20000076293945,7040,1994,4939.4013671875
45.79999923706055,5175.1767578125,879,37.95000076293945,7040,1995,5065.171875
46.400001525878906,5629.263671875,856,38.52000045776367,7040,1996,5175.1767578125
42,6072,799,37.59000015258789,7040,1997,5629.263671875
84,6392.4296875,820,34.18000030517578,7040,1998,6072
40.099998474121094,4241.86474609375,2150,26.700000762939453,8010,1993,4112.59814453125
62,4579.98974609375,2195,30.899999618530273,8010,1994,4241.86474609375
67.0999984741211,5377.3818359375,2069,29.459999084472656,8010,1995,4579.98974609375
67.0999984741211,5564.818359375,2096,27.290000915527344,8010,1996,5377.3818359375
69,5446,2123,28.43000030517578,8010,1997,5564.818359375
78,5588.94482421875,2177,29.93000030517578,8010,1998,5446
46.599998474121094,4367.376953125,3461,20.100000381469727,8030,1993,4340.24951171875
44.099998474121094,4755.43505859375,3435,19.299999237060547,8030,1994,4367.376953125
68.4000015258789,5286.81103515625,3358,21.350000381469727,8030,1995,4755.43505859375
73.69999694824219,5538.2216796875,3410,21.280000686645508,8030,1996,5286.81103515625
71,5748,3411,20.059999465942383,8030,1997,5538.2216796875
83,5780.9541015625,3380,21.760000228881836,8030,1998,5748
35.29999923706055,4337.38720703125,2363,16,8050,1993,4392.87255859375
46.900001525878906,4846.40673828125,2419,16.600000381469727,8050,1994,4337.38720703125
53.400001525878906,5214.1435546875,2513,17.68000030517578,8050,1995,4846.40673828125
60.70000076293945,5503.44189453125,2558,16.219999313354492,8050,1996,5214.1435546875
64,5657,2637,15.989999771118164,8050,1997,5503.44189453125
81,5614.5458984375,2628,14.800000190734863,8050,1998,5657
36.20000076293945,4381.81640625,10971,29,9010,1993,4334.52978515625
46.599998474121094,4778.17822265625,10770,36.29999923706055,9010,1994,4381.81640625
66.4000015258789,5303.6611328125,10374,38.900001525878906,9010,1995,4778.17822265625
55.5,5679.38818359375,10298,37.27000045776367,9010,1996,5303.6611328125
53,5753,10604,32.599998474121094,9010,1997,5679.38818359375
69,5961.1474609375,10605,34.970001220703125,9010,1998,5753
40.5,4251.861328125,2910,24.200000762939453,9030,1993,4070.270751953125
52.400001525878906,4883.22900390625,2782,25.700000762939453,9030,1994,4251.861328125
73.0999984741211,5432.1455078125,2687,24.989999771118164,9030,1995,4883.22900390625
78.19999694824219,5506.51025390625,2646,25.43000030517578,9030,1996,5432.1455078125
79,5557,2733,23.40999984741211,9030,1997,5506.51025390625
90,5807.5400390625,2671,22.739999771118164,9030,1998,5557
59.29999923706055,5602.5048828125,1824,14.199999809265137,9050,1993,5667.26318359375
60,6215.31396484375,1796,15.899999618530273,9050,1994,5602.5048828125
75.4000015258789,6103.001953125,1804,15.430000305175781,9050,1995,6215.31396484375
72.4000015258789,6997.9638671875,1765,13.970000267028809,9050,1996,6103.001953125
66,6467,1833,17.8700008392334,9050,1997,6997.9638671875
78,6105.892578125,1881,14.5600004196167,9050,1998,6467
52.70000076293945,4537.318359375,2482,32.29999923706055,9090,1993,4340.24951171875
47.900001525878906,4661.21435546875,2476,29.700000762939453,9090,1994,4537.318359375
65.19999694824219,5329.98974609375,2261,35.04999923706055,9090,1995,4661.21435546875
54,5653.814453125,2248,31.149999618530273,9090,1996,5329.98974609375
54,6144,2280,32.97999954223633,9090,1997,5653.814453125
67,6182.6962890625,2238,30.84000015258789,9090,1998,6144
41.099998474121094,4069.702392578125,1698,35.599998474121094,10015,1993,3900.962158203125
39,4203.107421875,1775,37.5,10015,1994,4069.702392578125
70.9000015258789,4829.744140625,1775,39.29999923706055,10015,1995,4203.107421875
56.599998474121094,4818.06884765625,1827,38.65999984741211,10015,1996,4829.744140625
59,5024,1862,36.9900016784668,10015,1997,4818.06884765625
74,5034.57958984375,1908,42.869998931884766,10015,1998,5024
61.099998474121094,6001.255859375,533,31.5,10025,1993,5452.1953125
42.099998474121094,6013.87646484375,544,32,10025,1994,6001.255859375
63.400001525878906,6276.771484375,573,33.040000915527344,10025,1995,6013.87646484375
84.4000015258789,6711.5390625,583,33.15999984741211,10025,1996,6276.771484375
71,6747,599,33.38999938964844,10025,1997,6711.5390625
78,6755.77001953125,595,35.709999084472656,10025,1998,6747
46.20000076293945,2395.83740234375,365,36.5,11000,1993,4881.3505859375
48.599998474121094,4896.224609375,1948,28.299999237060547,11000,1994,2395.83740234375
67.4000015258789,3808.18896484375,393,40.61000061035156,11000,1995,4896.224609375
62.29999923706055,3818.652099609375,396,42.119998931884766,11000,1996,3808.18896484375
58,6046,1825,41.959999084472656,11000,1997,3818.652099609375
72,4026.285400390625,388,41.16999816894531,11000,1998,6046
12.399999618530273,5030.48095703125,7585,79.5,11010,1993,4938.54931640625
30.100000381469727,5579.59521484375,7280,82.19999694824219,11010,1994,5030.48095703125
53.099998474121094,6988.70068359375,6229,80.66999816894531,11010,1995,5579.59521484375
45,6492.62890625,5995,83.62000274658203,11010,1996,6988.70068359375
48,7110,6030,84.44999694824219,11010,1997,6492.62890625
68,7947.2119140625,5810,81.87999725341797,11010,1998,7110
66.80000305175781,5194.8681640625,2549,7.800000190734863,11020,1993,4991.17236328125
67.9000015258789,5550.3544921875,2599,7.400000095367432,11020,1994,5194.8681640625
75.69999694824219,6089.31103515625,2684,7.039999961853027,11020,1995,5550.3544921875
70,5998.546875,2656,7.329999923706055,11020,1996,6089.31103515625
74,6152,2676,7.840000152587891,11020,1997,5998.546875
80,6002.5029296875,2780,8.15999984741211,11020,1998,6152
56.5,3955.29736328125,2933,9.699999809265137,11030,1993,4109.166015625
64.30000305175781,4174.94921875,2939,11.5,11030,1994,3955.29736328125
71.19999694824219,4613.84814453125,2925,11.199999809265137,11030,1995,4174.94921875
66.69999694824219,4796.5869140625,3009,11.270000457763672,11030,1996,4613.84814453125
58,5088,3008,11.399999618530273,11030,1997,4796.5869140625
65,5260.0673828125,2974,11.789999961853027,11030,1998,5088
49.400001525878906,5439.22802734375,1336,16.200000762939453,11033,1993,5039.2197265625
61.099998474121094,6023.62353515625,1298,17.399999618530273,11033,1994,5439.22802734375
79.5,6556.9091796875,1331,21.979999542236328,11033,1995,6023.62353515625
76.4000015258789,6196.998046875,1336,24.389999389648438,11033,1996,6556.9091796875
83,6169,1302,25.690000534057617,11033,1997,6196.998046875
82,6019.2421875,1323,25.3799991607666,11033,1998,6169
50,4009.72314453125,602,23.600000381469727,11160,1993,4297.92236328125
31,4770.59716796875,577,18.200000762939453,11160,1994,4009.72314453125
40,5512.18505859375,540,21.760000228881836,11160,1995,4770.59716796875
48.099998474121094,5570.9560546875,501,20.209999084472656,11160,1996,5512.18505859375
30,5954,512,26.219999313354492,11160,1997,5570.9560546875
70,5882.3740234375,456,24.399999618530273,11160,1998,5954
40,6308.92724609375,672,24.700000762939453,11200,1993,6063.0791015625
65.69999694824219,6948.501953125,645,25.700000762939453,11200,1994,6308.92724609375
83.30000305175781,7513.1689453125,655,27.649999618530273,11200,1995,6948.501953125
53.29999923706055,7208.6904296875,638,30.889999389648438,11200,1996,7513.1689453125
55,7586,645,35.77000045776367,11200,1997,7208.6904296875
67,8654.19921875,612,34.88999938964844,11200,1998,7586
58,4245.197265625,1750,21.600000381469727,11210,1993,4078.27880859375
64.9000015258789,4311.40673828125,1732,21.700000762939453,11210,1994,4245.197265625
74,4917.1552734375,1629,22.75,11210,1995,4311.40673828125
71,5051.30029296875,1621,25.479999542236328,11210,1996,4917.1552734375
65,5215,1676,22.90999984741211,11210,1997,5051.30029296875
81,5170.46337890625,1722,24.440000534057617,11210,1998,5215
42.599998474121094,4861.650390625,1789,42.400001525878906,11240,1993,4642.25927734375
63.70000076293945,5226.53857421875,1744,40.400001525878906,11240,1994,4861.650390625
75.80000305175781,5974.517578125,1623,45,11240,1995,5226.53857421875
72.69999694824219,5892.16064453125,1702,48.150001525878906,11240,1996,5974.517578125
65,5793,1738,45.2400016784668,11240,1997,5892.16064453125
71,5852.83447265625,1759,48.40999984741211,11240,1998,5793
49.099998474121094,6727.6708984375,702,54,11250,1993,6926.78173828125
45.599998474121094,5539.5244140625,830,53.400001525878906,11250,1994,6727.6708984375
59.599998474121094,5109.8818359375,880,51.84000015258789,11250,1995,5539.5244140625
45.79999923706055,5793.9580078125,872,53.47999954223633,11250,1996,5109.8818359375
60,5588,918,54.29999923706055,11250,1997,5793.9580078125
81,5925.69921875,893,53.63999938964844,11250,1998,5588
50.70000076293945,5056.02734375,4572,34.5,11300,1993,4744.0732421875
48.400001525878906,5228.70458984375,4455,36.599998474121094,11300,1994,5056.02734375
72.4000015258789,5817.59814453125,4122,40.83000183105469,11300,1995,5228.70458984375
65.69999694824219,5971.9501953125,4097,39.88999938964844,11300,1996,5817.59814453125
66,5813,4142,36.869998931884766,11300,1997,5971.9501953125
68,5903.05224609375,4172,36.560001373291016,11300,1998,5813
52.599998474121094,4120.7958984375,1969,30.600000381469727,11310,1993,4063.406982421875
48.400001525878906,4426.20458984375,1898,39,11310,1994,4120.7958984375
69.5,5473.21826171875,1741,29.420000076293945,11310,1995,4426.20458984375
77.19999694824219,5334.65576171875,1767,30.809999465942383,11310,1996,5473.21826171875
83,5210,1826,33.5,11310,1997,5334.65576171875
91,5450.107421875,1816,31.40999984741211,11310,1998,5210
38,4194.103515625,1438,22.299999237060547,11320,1993,4286.482421875
48.5,4624.392578125,1321,28.200000762939453,11320,1994,4194.103515625
70.5999984741211,5331.04296875,1223,36.65999984741211,11320,1995,4624.392578125
62.70000076293945,5399.1015625,1260,35.380001068115234,11320,1996,5331.04296875
43,5294,1322,35.81999969482422,11320,1997,5399.1015625
68,5371.33447265625,1318,37.4900016784668,11320,1998,5294
34.20000076293945,6247.8369140625,1887,40.5,11330,1993,5964.697265625
52.599998474121094,4834.494140625,2447,43,11330,1994,6247.8369140625
70.0999984741211,5276.279296875,2419,46.849998474121094,11330,1995,4834.494140625
68.5999984741211,5708.03076171875,2362,44.849998474121094,11330,1996,5276.279296875
46,5898,2369,46.36000061035156,11330,1997,5708.03076171875
77,6072.4140625,2349,43.56999969482422,11330,1998,5898
54.79999923706055,7564.04833984375,891,9.600000381469727,11340,1993,7755.021484375
40,7860.384765625,918,12,11340,1994,7564.04833984375
60.79999923706055,7669.03515625,910,15.34000015258789,11340,1995,7860.384765625
49,7759.0341796875,911,14.350000381469727,11340,1996,7669.03515625
46,7472,906,13.6899995803833,11340,1997,7759.0341796875
78,7158.4970703125,960,15.479999542236328,11340,1998,7472
37.5,3446.584716796875,72,0,11670,1993,3425.067626953125
25,3533.81591796875,69,0,11670,1994,3446.584716796875
66.69999694824219,4693.8876953125,60,0,11670,1995,3533.81591796875
75,5519.80859375,52,0,11670,1996,4693.8876953125
17,6400,51,0,11670,1997,5519.80859375
50,6546.03662109375,54,0,11670,1998,6400
40.29999923706055,4300.7333984375,3945,21.600000381469727,12010,1993,4106.8779296875
47.79999923706055,4783.59326171875,3869,21.700000762939453,12010,1994,4300.7333984375
60,5576.4267578125,3600,20.56999969482422,12010,1995,4783.59326171875
47.400001525878906,5644.60791015625,3582,21.229999542236328,12010,1996,5576.4267578125
49,6029,3466,21.139999389648438,12010,1997,5644.60791015625
65,5798.677734375,3506,23.360000610351562,12010,1998,6029
36.099998474121094,3904.2041015625,1447,27.399999618530273,12020,1993,3521.161865234375
34.70000076293945,3982.176025390625,1460,32,12020,1994,3904.2041015625
44.599998474121094,4587.51953125,1488,35.4900016784668,12020,1995,3982.176025390625
40.599998474121094,4872.28466796875,1450,30.559999465942383,12020,1996,4587.51953125
44,5003,1491,30.360000610351562,12020,1997,4872.28466796875
54,5135.01513671875,1477,37.86000061035156,12020,1998,5003
30.600000381469727,4113.0205078125,1499,20.600000381469727,12040,1993,3807.156005859375
32.099998474121094,4325.48583984375,1482,21.700000762939453,12040,1994,4113.0205078125
56.900001525878906,4683.35595703125,1507,24.68000030517578,12040,1995,4325.48583984375
40,4858.98681640625,1469,27.1200008392334,12040,1996,4683.35595703125
38,4881,1515,28,12040,1997,4858.98681640625
63,4939.0673828125,1546,22.600000381469727,12040,1998,4881
44.20000076293945,2772.37353515625,343,32.099998474121094,13000,1993,4453.50341796875
45.79999923706055,3348.62353515625,378,34.70000076293945,13000,1994,2772.37353515625
58.5,4164.1533203125,381,34.40999984741211,13000,1995,3348.62353515625
57.400001525878906,6145.85107421875,2106,37.4900016784668,13000,1996,4164.1533203125
52,4243,384,33.88999938964844,13000,1997,6145.85107421875
71,4319.71484375,382,34.04999923706055,13000,1998,4243
32.5,5172.65380859375,2264,55.20000076293945,13010,1993,4797.84033203125
27.600000381469727,5609.9189453125,2208,58.099998474121094,13010,1994,5172.65380859375
54.099998474121094,6526.36767578125,2076,59.470001220703125,13010,1995,5609.9189453125
39.599998474121094,6813.83349609375,2088,61.380001068115234,13010,1996,6526.36767578125
38,6458,2105,55.099998474121094,13010,1997,6813.83349609375
68,6834.54296875,2082,60.90999984741211,13010,1998,6458
29.600000381469727,5531.41845703125,9166,51.20000076293945,13020,1993,5469.35498046875
21.799999237060547,6045.283203125,9238,52.400001525878906,13020,1994,5531.41845703125
44.400001525878906,6885.49169921875,8623,54.619998931884766,13020,1995,6045.283203125
44.900001525878906,6895.66943359375,8657,59.709999084472656,13020,1996,6885.49169921875
41,6671,8647,56.68000030517578,13020,1997,6895.66943359375
60,7004.8896484375,8546,56.11000061035156,13020,1998,6671
54.900001525878906,4415.13818359375,917,23.700000762939453,13050,1993,4402.0244140625
36.400001525878906,4874.56494140625,923,21.5,13050,1994,4415.13818359375
59.20000076293945,5571.1611328125,904,25.200000762939453,13050,1995,4874.56494140625
62.5,5428.7666015625,931,27.18000030517578,13050,1996,5571.1611328125
38,5936,924,24.690000534057617,13050,1997,5428.7666015625
66,5761.2607421875,920,23.889999389648438,13050,1998,5936
48.900001525878906,4220.76123046875,2832,19.5,13070,1993,4276.1865234375
51.599998474121094,4652.55078125,2800,18.299999237060547,13070,1994,4220.76123046875
77.30000305175781,5371.06298828125,2653,21.719999313354492,13070,1995,4652.55078125
72.69999694824219,5519.80859375,2652,20.90999984741211,13070,1996,5371.06298828125
66,5701,2689,19.829999923706055,13070,1997,5519.80859375
87,5554.4814453125,2775,16.979999542236328,13070,1998,5701
55.599998474121094,4372.9306640625,1048,28.700000762939453,13080,1993,4188.1005859375
39.70000076293945,4633.056640625,1081,28.100000381469727,13080,1994,4372.9306640625
77.4000015258789,5584.85205078125,1027,29.280000686645508,13080,1995,4633.056640625
91.5,6168.35546875,1036,31.43000030517578,13080,1996,5584.85205078125
64,5754,1087,30.75,13080,1997,6168.35546875
84,5727.7822265625,1137,31.739999771118164,13080,1998,5754
47.599998474121094,5338.15185546875,3341,9.699999809265137,13090,1993,4922.53369140625
57.79999923706055,5734.46337890625,3327,11.899999618530273,13090,1994,5338.15185546875
63.79999923706055,6111.4267578125,3320,12.420000076293945,13090,1995,5734.46337890625
66.80000305175781,6131.52978515625,3365,12.829999923706055,13090,1996,6111.4267578125
62,6262,3420,10.449999809265137,13090,1997,6131.52978515625
77,6209.2822265625,3472,10.079999923706055,13090,1998,6262
33.29999923706055,3020.065673828125,356,32.900001525878906,13095,1993,3049.84326171875
35.70000076293945,3271.730712890625,360,32.29999923706055,13095,1994,3020.065673828125
45.79999923706055,5777.57861328125,222,30.989999771118164,13095,1995,3271.730712890625
48.099998474121094,5567.88720703125,222,31.940000534057617,13095,1996,5777.57861328125
56,5410,249,34.70000076293945,13095,1997,5567.88720703125
71,5455.03076171875,261,29.440000534057617,13095,1998,5410
54.20000076293945,4870.5361328125,2423,13.199999809265137,13110,1993,4731.48974609375
65.69999694824219,5134.48388671875,2470,12.600000381469727,13110,1994,4870.5361328125
77.19999694824219,5747.037109375,2541,15.640000343322754,13110,1995,5134.48388671875
72.30000305175781,5605.736328125,2588,16.68000030517578,13110,1996,5747.037109375
56,5843,2649,17.360000610351562,13110,1997,5605.736328125
73,5861.6962890625,2641,17.40999984741211,13110,1998,5843
46.70000076293945,4649.50146484375,1689,15,13120,1993,4526.7177734375
50.5,5145.31396484375,1719,16.600000381469727,13120,1994,4649.50146484375
59.70000076293945,5739.6650390625,1704,16.700000762939453,13120,1995,5145.31396484375
60.29999923706055,5569.93310546875,1740,16.1299991607666,13120,1996,5739.6650390625
64,5747,1800,18.1200008392334,13120,1997,5569.93310546875
74,5866.61962890625,1744,18.309999465942383,13120,1998,5747
41.900001525878906,4666.16259765625,471,32.599998474121094,13130,1993,4848.17529296875
71.9000015258789,5422.560546875,449,33.29999923706055,13130,1994,4666.16259765625
86.19999694824219,6412.6279296875,425,37.20000076293945,13130,1995,5422.560546875
48.400001525878906,5723.37451171875,433,42.29999923706055,13130,1996,6412.6279296875
84,6293,415,39.63999938964844,13130,1997,5723.37451171875
83,6536.1904296875,381,29.170000076293945,13130,1998,6293
50.5,4166.33544921875,1362,25.700000762939453,13135,1993,3999.34423828125
50,4287.5810546875,1399,29.200000762939453,13135,1994,4166.33544921875
65,5067.755859375,1341,30.170000076293945,13135,1995,4287.5810546875
51.900001525878906,5139.2734375,1356,24.610000610351562,13135,1996,5067.755859375
60,5399,1393,28.040000915527344,13135,1997,5139.2734375
81,5668.70263671875,1381,40.310001373291016,13135,1998,5399
47.29999923706055,4202.9892578125,1604,42.29999923706055,14010,1993,4573.62060546875
45,4740.2734375,1589,44.70000076293945,14010,1994,4202.9892578125
48.79999923706055,5699.6455078125,1449,45.470001220703125,14010,1995,4740.2734375
71.5999984741211,5800.095703125,1424,46.77000045776367,14010,1996,5699.6455078125
65,5855,1401,44.5099983215332,14010,1997,5800.095703125
62,5871.54296875,1411,40.540000915527344,14010,1998,5855
41.20000076293945,4109.6884765625,3349,39,14020,1993,3993.624267578125
48.79999923706055,4429.45361328125,3252,37.70000076293945,14020,1994,4109.6884765625
61.900001525878906,5070.9150390625,3074,35.939998626708984,14020,1995,4429.45361328125
65,5131.08984375,3073,38.5099983215332,14020,1996,5070.9150390625
67,5257,3058,37.150001525878906,14020,1997,5131.08984375
86,5348.68701171875,3074,44.150001525878906,14020,1998,5257
33.099998474121094,3804.238525390625,1889,22.899999618530273,14030,1993,3832.323486328125
48.20000076293945,4324.40283203125,1921,24.600000381469727,14030,1994,3804.238525390625
53.099998474121094,4524.33056640625,1929,21.209999084472656,14030,1995,4324.40283203125
59.900001525878906,4627.80126953125,2037,23.979999542236328,14030,1996,4524.33056640625
57,4851,2108,22.59000015258789,14030,1997,4627.80126953125
68,4970.57666015625,2109,21.3700008392334,14030,1998,4851
41,4355.1591796875,987,26.200000762939453,14050,1993,4025.65576171875
34.29999923706055,4402.37841796875,1055,35.79999923706055,14050,1994,4355.1591796875
67.9000015258789,4996.1416015625,1031,31.149999618530273,14050,1995,4402.37841796875
62.29999923706055,4972.533203125,1098,33.060001373291016,14050,1996,4996.1416015625
60,5203,1092,32.7400016784668,14050,1997,4972.533203125
44,5343.763671875,1091,40.119998931884766,14050,1998,5203
43.5,5214.861328125,907,26.600000381469727,15000,1993,5080.40283203125
48.5,3073.54248046875,338,21.200000762939453,15000,1994,5214.861328125
58.400001525878906,5737.55908203125,939,28.18000030517578,15000,1995,3073.54248046875
65.5999984741211,4268.74755859375,360,26.360000610351562,15000,1996,5737.55908203125
64,6083,778,27.68000030517578,15000,1997,4268.74755859375
79,4354.177734375,339,28.389999389648438,15000,1998,6083
33.29999923706055,8504.833984375,82,0,15010,1993,8703.37890625
75,8884.8984375,87,0,15010,1994,8504.833984375
45.5,9881.7021484375,83,0,15010,1995,8884.8984375
85.69999694824219,8569.2060546875,101,0,15010,1996,9881.7021484375
80,10516,90,0,15010,1997,8569.2060546875
89,10814.548828125,91,0,15010,1998,10516
49.5,4901.63671875,1415,27.700000762939453,15020,1993,4872.19873046875
60.20000076293945,5421.4775390625,1383,23.799999237060547,15020,1994,4901.63671875
73.19999694824219,5632.244140625,1464,24.920000076293945,15020,1995,5421.4775390625
81.5999984741211,6041.51025390625,1397,27.360000610351562,15020,1996,5632.244140625
74,5978,1460,25.3799991607666,15020,1997,6041.51025390625
76,5964.10107421875,1499,25.549999237060547,15020,1998,5978
18.5,4153.0068359375,332,38,15030,1993,3866.642822265625
28.600000381469727,4260.505859375,348,38.5,15030,1994,4153.0068359375
39.099998474121094,5159.3798828125,329,41.81999969482422,15030,1995,4260.505859375
30.799999237060547,5298.8525390625,321,36.880001068115234,15030,1996,5159.3798828125
39,5523,299,34.970001220703125,15030,1997,5298.8525390625
50,5478.66259765625,273,36.15999984741211,15030,1998,5523
40.20000076293945,5916.8408203125,1327,18.100000381469727,15050,1993,5901.7783203125
51,6365.85009765625,1335,18.299999237060547,15050,1994,5916.8408203125
61.099998474121094,6576.9189453125,1381,18.8700008392334,15050,1995,6365.85009765625
71.0999984741211,6563.21240234375,1418,17.229999542236328,15050,1996,6576.9189453125
49,6945,1365,17.209999084472656,15050,1997,6563.21240234375
76,6803.03369140625,1346,18.200000762939453,15050,1998,6945
35.599998474121094,4384.0380859375,1199,38.599998474121094,15060,1993,4399.736328125
36.400001525878906,4533.4208984375,1210,36.5,15060,1994,4384.0380859375
46.400001525878906,5101.45654296875,1209,36.380001068115234,15060,1995,4533.4208984375
43.79999923706055,5514.69384765625,1206,30.760000228881836,15060,1996,5101.45654296875
62,5427,1237,31.739999771118164,15060,1997,5514.69384765625
87,5612.57666015625,1234,37.66999816894531,15060,1998,5427
31.799999237060547,4236.31103515625,2475,32.20000076293945,16015,1993,4039.383544921875
37.900001525878906,4213.9375,2474,32.599998474121094,16015,1994,4236.31103515625
49.400001525878906,5001.4072265625,2380,40.209999084472656,16015,1995,4213.9375
61.20000076293945,5422.62890625,2364,35.84000015258789,16015,1996,5001.4072265625
56,5678,2320,33.83000183105469,16015,1997,5422.62890625
70,5913.88330078125,2315,43.54999923706055,16015,1998,5678
52.400001525878906,4106.3564453125,883,34,16050,1993,4246.443359375
36.099998474121094,4564.828125,914,32.29999923706055,16050,1994,4106.3564453125
36,5230.994140625,926,33.18000030517578,16050,1995,4564.828125
60,5437.97314453125,955,32.470001220703125,16050,1996,5230.994140625
41,5600,991,31.600000381469727,16050,1997,5437.97314453125
78,5949.33154296875,998,27.84000015258789,16050,1998,5600
33.29999923706055,5959.04833984375,222,18.399999618530273,16070,1993,5674.126953125
35,5743.12744140625,239,22,16070,1994,5959.04833984375
52.599998474121094,6104.0546875,239,29.18000030517578,16070,1995,5743.12744140625
42.099998474121094,6615.38232421875,242,27.540000915527344,16070,1996,6104.0546875
87,6672,240,0,16070,1997,6615.38232421875
50,6824.6962890625,236,22.93000030517578,16070,1998,6672
26.899999618530273,4240.75439453125,363,59.900001525878906,16100,1993,4295.63427734375
38.20000076293945,4496.59912109375,375,60.599998474121094,16100,1994,4240.75439453125
71.4000015258789,5565.8955078125,377,60.40999984741211,16100,1995,4496.59912109375
54.79999923706055,5337.724609375,380,62.90999984741211,16100,1996,5565.8955078125
68,6061,368,56.7599983215332,16100,1997,5337.724609375
100,5925.69921875,371,60.630001068115234,16100,1998,6061
43.70000076293945,3446.584716796875,268,31.700000762939453,17000,1993,6187.7724609375
43.900001525878906,2752.975830078125,232,31.899999618530273,17000,1994,3446.584716796875
50.79999923706055,5599.59619140625,692,37.880001068115234,17000,1995,2752.975830078125
48,3989.483642578125,264,37.7400016784668,17000,1996,5599.59619140625
48,6064,661,38.029998779296875,17000,1997,3989.483642578125
67,6198.451171875,659,41.25,17000,1998,6064
31.100000381469727,4732.80615234375,3762,40.29999923706055,17010,1993,4907.662109375
28.799999237060547,4765.18212890625,3538,36.099998474121094,17010,1994,4732.80615234375
51,5368.95654296875,3240,33.40999984741211,17010,1995,4765.18212890625
49.20000076293945,5719.283203125,3133,31.1299991607666,17010,1996,5368.95654296875
56,5867,3168,34.189998626708984,17010,1997,5719.283203125
61,6025.150390625,3178,36.2400016784668,17010,1998,5867
33.29999923706055,7305.2490234375,271,33.599998474121094,17050,1993,6774.6328125
52,7628.62353515625,279,34.79999923706055,17050,1994,7305.2490234375
75,7355.19677734375,295,38.310001373291016,17050,1995,7628.62353515625
71.4000015258789,7433.73779296875,291,41.380001068115234,17050,1996,7355.19677734375
44,7815,291,37.279998779296875,17050,1997,7433.73779296875
88,7847.7607421875,283,38.25,17050,1998,7815
55.20000076293945,4276.29736328125,602,26.100000381469727,17090,1993,4223.56396484375
28.899999618530273,4381.8017578125,582,27.299999237060547,17090,1994,4276.29736328125
40.70000076293945,5747.037109375,405,27.25,17090,1995,4381.8017578125
43.5,5189.3974609375,431,33.33000183105469,17090,1996,5747.037109375
55,5169,498,32.790000915527344,17090,1997,5189.3974609375
79,5161.60107421875,503,31.15999984741211,17090,1998,5169
25.399999618530273,4239.6435546875,1173,34.79999923706055,17110,1993,4133.189453125
42.900001525878906,4568.0771484375,1245,39.20000076293945,17110,1994,4239.6435546875
52.29999923706055,5095.1376953125,1256,39.61000061035156,17110,1995,4568.0771484375
41.70000076293945,5164.84716796875,1276,39.9900016784668,17110,1996,5095.1376953125
30,5217,1294,41.439998626708984,17110,1997,5164.84716796875
62,5253.1748046875,1279,45.880001068115234,17110,1998,5217
52.5,5807.9892578125,546,44.900001525878906,17140,1993,5251.99951171875
28.299999237060547,5740.96142578125,560,42.900001525878906,17140,1994,5807.9892578125
52.599998474121094,6269.3994140625,573,41.34000015258789,17140,1995,5740.96142578125
41.900001525878906,6095.7265625,590,43.310001373291016,17140,1996,6269.3994140625
41,6158,597,39.20000076293945,17140,1997,6095.7265625
68,6186.634765625,605,36.029998779296875,17140,1998,6158
27.799999237060547,4157.44970703125,1615,32.20000076293945,18010,1993,3921.5537109375
43.599998474121094,4595.15185546875,1628,33.400001525878906,18010,1994,4157.44970703125
54.20000076293945,5272.06689453125,1527,37.33000183105469,18010,1995,4595.15185546875
55.79999923706055,5682.45703125,1497,34.40999984741211,18010,1996,5272.06689453125
62,5840,1517,36.84000015258789,18010,1997,5682.45703125
69,5823.29443359375,1552,32.529998779296875,18010,1998,5840
25.200000762939453,4286.2939453125,1656,48.29999923706055,18020,1993,4046.247314453125
39.79999923706055,4494.43310546875,1653,47.599998474121094,18020,1994,4286.2939453125
42.29999923706055,5197.29296875,1634,51.040000915527344,18020,1995,4494.43310546875
31,4755.66943359375,1712,43.75,18020,1996,5197.29296875
32,5527,1750,44.91999816894531,18020,1997,4755.66943359375
56,5482.60107421875,1754,46.349998474121094,18020,1998,5527
25.299999237060547,4090.80615234375,2171,54.29999923706055,18060,1993,4121.75
23.5,4232.34814453125,2279,53.5,18060,1994,4090.80615234375
39.70000076293945,4991.92919921875,2266,61.18000030517578,18060,1995,4232.34814453125
54.400001525878906,5195.53515625,2318,58.86000061035156,18060,1996,4991.92919921875
37,5467,2347,57.0099983215332,18060,1997,5195.53515625
68,5654.9169921875,2350,60.9900016784668,18060,1998,5467
53.599998474121094,4462.8994140625,2119,6.900000095367432,19010,1993,4420.32763671875
68.5999984741211,4702.36865234375,2205,6.800000190734863,19010,1994,4462.8994140625
76.5999984741211,5357.3720703125,2226,5.599999904632568,19010,1995,4702.36865234375
68.19999694824219,5315.2197265625,2338,5.070000171661377,19010,1996,5357.3720703125
70,5296,2482,5.199999809265137,19010,1997,5315.2197265625
78,5228.55810546875,2526,4.619999885559082,19010,1998,5296
45.79999923706055,5220.4150390625,511,10.300000190734863,19070,1993,5028.923828125
50,4962.28759765625,527,9.300000190734863,19070,1994,5220.4150390625
37.5,5626.97802734375,514,9.029999732971191,19070,1995,4962.28759765625
75,5647.6767578125,512,8.670000076293945,19070,1996,5626.97802734375
61,5917,504,8.350000381469727,19070,1997,5647.6767578125
86,5736.64404296875,500,13.319999694824219,19070,1998,5917
52.20000076293945,4720.587890625,1068,16.399999618530273,19100,1993,4376.85693359375
34.599998474121094,5144.23095703125,1013,17.700000762939453,19100,1994,4720.587890625
71.0999984741211,5869.20263671875,1011,17.959999084472656,19100,1995,5144.23095703125
54,5605.736328125,1021,16.40999984741211,19100,1996,5869.20263671875
67,5427,1033,18.09000015258789,19100,1997,5605.736328125
75,5945.392578125,1022,19.059999465942383,19100,1998,5427
46.599998474121094,4550.64697265625,1802,23.899999618530273,19120,1993,4451.21533203125
39.70000076293945,4565.9111328125,1831,23.299999237060547,19120,1994,4550.64697265625
69.19999694824219,5182.548828125,1857,22.829999923706055,19120,1995,4565.9111328125
70.19999694824219,5167.916015625,1837,25.360000610351562,19120,1996,5182.548828125
76,5415,1822,27.09000015258789,19120,1997,5167.916015625
82,5444.19921875,1814,27.020000457763672,19120,1998,5415
33.29999923706055,4729.4736328125,669,9.399999618530273,19125,1993,4869.9111328125
26.299999237060547,5359.7470703125,638,9.399999618530273,19125,1994,4729.4736328125
71.4000015258789,5570.10791015625,641,9.220000267028809,19125,1995,5359.7470703125
76.5,5823.62353515625,620,10.329999923706055,19125,1996,5570.10791015625
90,5901,643,8.420000076293945,19125,1997,5823.62353515625
100,5751.4140625,627,9.1899995803833,19125,1998,5901
57.099998474121094,4661.7197265625,3434,14.699999809265137,19140,1993,4590.7802734375
66.80000305175781,5113.90673828125,3403,13.800000190734863,19140,1994,4661.7197265625
70.5,5631.19091796875,3300,13.6899995803833,19140,1995,5113.90673828125
81,5697.80126953125,3299,12.84000015258789,19140,1996,5631.19091796875
66,5791,3354,12.65999984741211,19140,1997,5697.80126953125
80,5857.7578125,3445,14.800000190734863,19140,1998,5791
31.899999618530273,4248.529296875,2135,39.599998474121094,20015,1993,3867.786865234375
37.79999923706055,4518.25927734375,2165,38.599998474121094,20015,1994,4248.529296875
43.29999923706055,4875.029296875,2227,43.849998474121094,20015,1995,4518.25927734375
42,4863.07861328125,2300,43.849998474121094,20015,1996,4875.029296875
52,5216,2334,44.38999938964844,20015,1997,4863.07861328125
65,5512.14111328125,2268,43.68000030517578,20015,1998,5216
47.70000076293945,4486.224609375,3959,22.600000381469727,21010,1993,4278.474609375
47.29999923706055,4675.29345703125,3945,23.600000381469727,21010,1994,4486.224609375
65.69999694824219,5149.9013671875,3891,25.440000534057617,21010,1995,4675.29345703125
58.5,5373.52783203125,3873,25.40999984741211,21010,1996,5149.9013671875
66,5654,3858,25,21010,1997,5373.52783203125
75,5726.79736328125,3757,27.920000076293945,21010,1998,5654
34.20000076293945,4294.06884765625,2066,19.799999237060547,21025,1993,4118.31787109375
36.20000076293945,4543.16796875,2034,18.799999237060547,21025,1994,4294.06884765625
34.79999923706055,5088.81884765625,1965,21.610000610351562,21025,1995,4543.16796875
51.400001525878906,5215.994140625,1932,24.239999771118164,21025,1996,5088.81884765625
54,5487,1900,21.510000228881836,21025,1997,5215.994140625
74,5637.193359375,1824,22.639999389648438,21025,1998,5487
38.5,4448.4599609375,541,38,21060,1993,4148.0615234375
35.70000076293945,4965.53662109375,533,35.599998474121094,21060,1994,4448.4599609375
36.400001525878906,5350,551,37.93000030517578,21060,1995,4965.53662109375
63.599998474121094,5600.62158203125,549,37.13999938964844,21060,1996,5350
62,5787,549,39.34000015258789,21060,1997,5600.62158203125
85,6224.05224609375,527,35.61000061035156,21060,1998,5787
26.100000381469727,4860.53955078125,385,42.900001525878906,21065,1993,4700.60205078125
42.099998474121094,5382.48974609375,380,45.70000076293945,21065,1994,4860.53955078125
31,6287.302734375,367,50.40999984741211,21065,1995,5382.48974609375
73.9000015258789,6237.916015625,383,46.5099983215332,21065,1996,6287.302734375
42,6338,385,46.040000915527344,21065,1997,6237.916015625
96,6859.15966796875,355,50,21065,1998,6338
34.099998474121094,4335.166015625,656,41.29999923706055,21090,1993,4177.8046875
38.099998474121094,4486.85205078125,647,43.79999923706055,21090,1994,4335.166015625
62.5,5571.1611328125,601,40.45000076293945,21090,1995,4486.85205078125
79.5,5503.44189453125,581,42.5099983215332,21090,1996,5571.1611328125
69,5711,560,35.290000915527344,21090,1997,5503.44189453125
77,5576.14404296875,578,40.56999969482422,21090,1998,5711
56.5,4489.55712890625,412,45.099998474121094,21135,1993,4041.67138671875
61.099998474121094,4595.15185546875,428,46.29999923706055,21135,1994,4489.55712890625
64.69999694824219,5332.09619140625,425,49.529998779296875,21135,1995,4595.15185546875
88.9000015258789,5669.15869140625,404,48.400001525878906,21135,1996,5332.09619140625
68,6075,387,44.220001220703125,21135,1997,5669.15869140625
96,5590.9140625,357,44.689998626708984,21135,1998,6075
53.599998474121094,4034.158935546875,1655,18,22010,1993,3768.260986328125
61,4286.498046875,1586,18.299999237060547,22010,1994,4034.158935546875
63,5133.05078125,1337,41.310001373291016,22010,1995,4286.498046875
66,4984.80859375,1401,40.310001373291016,22010,1996,5133.05078125
71,5013,1482,41.11000061035156,22010,1997,4984.80859375
86,4771.6748046875,1529,21.770000457763672,22010,1998,5013
40.099998474121094,4064.148681640625,2195,17.5,22030,1993,4083.99853515625
41,4355.8095703125,2215,19.600000381469727,22030,1994,4064.148681640625
59.20000076293945,4687.56884765625,2285,19.15999984741211,22030,1995,4355.8095703125
65.5,4994.01513671875,2270,20.049999237060547,22030,1996,4687.56884765625
60,5279,2264,20,22030,1997,4994.01513671875
76,5348.68701171875,2234,22.059999465942383,22030,1998,5279
32.400001525878906,4166.33544921875,575,34.599998474121094,22045,1993,4172.0849609375
45.900001525878906,4615.72900390625,555,33.20000076293945,22045,1994,4166.33544921875
55,5361.58447265625,530,30.959999084472656,22045,1995,4615.72900390625
53.70000076293945,5619.0341796875,517,35.04999923706055,22045,1996,5361.58447265625
53,6230,510,36.61000061035156,22045,1997,5619.0341796875
73,6536.1904296875,481,37.41999816894531,22045,1998,6230
50.5,2483.584716796875,408,13.5,23000,1993,3801.436279296875
55.70000076293945,2133.501953125,371,13.899999618530273,23000,1994,2483.584716796875
70.5,3778.70068359375,468,16.290000915527344,23000,1995,2133.501953125
66.69999694824219,5625.171875,2031,15.050000190734863,23000,1996,3778.70068359375
64,5754,1813,16.739999771118164,23000,1997,5625.171875
77,5708.0888671875,1820,17.899999618530273,23000,1998,5754
36.5,4598.408203125,1102,23.799999237060547,23010,1993,4392.87255859375
44.400001525878906,4976.3662109375,1090,24.5,23010,1994,4598.408203125
58.79999923706055,5743.8779296875,1047,23.450000762939453,23010,1995,4976.3662109375
49.400001525878906,5770.43017578125,1006,22.540000915527344,23010,1996,5743.8779296875
52,5898,1004,18.770000457763672,23010,1997,5770.43017578125
61,5797.693359375,1031,21.290000915527344,23010,1998,5898
40.70000076293945,4575.0830078125,3545,18.5,23030,1993,4262.458984375
53.900001525878906,4887.560546875,3541,18.299999237060547,23030,1994,4575.0830078125
75.69999694824219,5340.521484375,3484,18.25,23030,1995,4887.560546875
66.9000015258789,5577.09375,3442,17.770000457763672,23030,1996,5340.521484375
61,5629,3456,16.1200008392334,23030,1997,5577.09375
64,5552.51220703125,3444,18,23030,1998,5629
34.70000076293945,4597.29736328125,3087,15,23050,1993,4546.16552734375
40.29999923706055,4868.06689453125,3122,15.800000190734863,23050,1994,4597.29736328125
57.400001525878906,5326.83056640625,3141,16.299999237060547,23050,1995,4868.06689453125
66.4000015258789,5435.92724609375,3166,15.1899995803833,23050,1996,5326.83056640625
60,5571,3159,16.850000381469727,23050,1997,5435.92724609375
74,5768.1533203125,3224,17.690000534057617,23050,1998,5571
64.9000015258789,5285.94775390625,5125,8.800000190734863,23060,1993,4867.623046875
65,5343.501953125,5098,9.800000190734863,23060,1994,5285.94775390625
78.19999694824219,5920.80712890625,5051,10.199999809265137,23060,1995,5343.501953125
77.9000015258789,5921.826171875,5121,9.920000076293945,23060,1996,5920.80712890625
76,6080,5194,12.539999961853027,23060,1997,5921.826171875
88,5828.2177734375,5217,13.079999923706055,23060,1998,6080
54.900001525878906,4200.76806640625,1712,22,23065,1993,4025.65576171875
65.4000015258789,4352.560546875,1727,25.799999237060547,23065,1994,4200.76806640625
61.79999923706055,5049.85205078125,1644,23.149999618530273,23065,1995,4352.560546875
48.29999923706055,5151.548828125,1630,24.09000015258789,23065,1996,5049.85205078125
53,5277,1652,25.31999969482422,23065,1997,5151.548828125
70,5374.28857421875,1626,26.799999237060547,23065,1998,5277
42,4425.134765625,1242,19,23080,1993,4291.05859375
41.70000076293945,4707.783203125,1269,21.5,23080,1994,4425.134765625
47.70000076293945,5400.55078125,1295,23.030000686645508,23080,1995,4707.783203125
66.69999694824219,5379.66552734375,1308,22.190000534057617,23080,1996,5400.55078125
46,5349,1334,23.139999389648438,23080,1997,5379.66552734375
78,5564.328125,1321,22.049999237060547,23080,1998,5349
58,4590.6328125,1039,12.600000381469727,23090,1993,4205.26025390625
54,4917.884765625,987,13.199999809265137,23090,1994,4590.6328125
68.0999984741211,5866.04296875,774,16.969999313354492,23090,1995,4917.884765625
41.20000076293945,5658.92919921875,831,15.630000114440918,23090,1996,5866.04296875
57,6071,851,19.549999237060547,23090,1997,5658.92919921875
78,6199.435546875,847,18.510000228881836,23090,1998,6071
47.599998474121094,5991.25927734375,1026,18.5,24020,1993,5583.75244140625
56.29999923706055,6623.60302734375,1013,19.100000381469727,24020,1994,5991.25927734375
66.69999694824219,6516.8896484375,1029,18.040000915527344,24020,1995,6623.60302734375
71.80000305175781,7472.60986328125,1021,16.700000762939453,24020,1996,6516.8896484375
63,6552,1053,15.869999885559082,24020,1997,7472.60986328125
76,6864.0830078125,1042,14.319999694824219,24020,1998,6552
69.5999984741211,4545.09326171875,514,41.400001525878906,24030,1993,4092.00634765625
50,4849.65576171875,512,40.5,24030,1994,4545.09326171875
60.599998474121094,5311.033203125,510,48.650001525878906,24030,1995,4849.65576171875
85.69999694824219,5783.728515625,504,47.75,24030,1996,5311.033203125
73,6213,489,51.11000061035156,24030,1997,5783.728515625
77,6353.04296875,480,56.040000915527344,24030,1998,6213
41.5,4355.1591796875,739,31.100000381469727,24040,1993,4332.24169921875
38.099998474121094,4727.27734375,715,39.70000076293945,24040,1994,4355.1591796875
35.29999923706055,5678.58251953125,728,40.93000030517578,24040,1995,4727.27734375
56.099998474121094,5991.38623046875,733,38.779998779296875,24040,1996,5678.58251953125
70,6129,751,38.869998931884766,24040,1997,5991.38623046875
74,6109.83154296875,743,42.59000015258789,24040,1998,6129
39.29999923706055,4828.32861328125,2580,20,24070,1993,4778.392578125
57.70000076293945,4985.0302734375,2696,20.299999237060547,24070,1994,4828.32861328125
62,5359.47802734375,2790,23.8700008392334,24070,1995,4985.0302734375
69,5674.2734375,2825,22.639999389648438,24070,1996,5359.47802734375
62,5762,2864,26.280000686645508,24070,1997,5674.2734375
85,5732.70556640625,2933,24.959999084472656,24070,1998,5762
21.799999237060547,5785.77490234375,28114,51.5,25010,1993,5817.1240234375
23,6252.1357421875,27443,52.79999923706055,25010,1994,5785.77490234375
35.5,7295.1669921875,25966,62.7599983215332,25010,1995,6252.1357421875
30.299999237060547,7606.61572265625,25995,65.75,25010,1996,7295.1669921875
36,7297,25460,63.58000183105469,25010,1997,7606.61572265625
52,7492.29736328125,25107,63.119998931884766,25010,1998,7297
50.70000076293945,5027.1484375,5491,8.100000381469727,25030,1993,4818.43212890625
60,4950.37451171875,5587,8.600000381469727,25030,1994,5027.1484375
73.9000015258789,5807.06689453125,5602,8.510000228881836,25030,1995,4950.37451171875
79.4000015258789,5861.47216796875,5734,7.900000095367432,25030,1996,5807.06689453125
75,6140,5722,8.289999961853027,25030,1997,5861.47216796875
86,6089.1533203125,5782,8.670000076293945,25030,1998,6140
24.399999618530273,4539.53955078125,3505,26.700000762939453,25040,1993,4295.63427734375
60.400001525878906,4875.64794921875,3441,28.799999237060547,25040,1994,4539.53955078125
68.5,5448.99609375,3159,28.09000015258789,25040,1995,4875.64794921875
53.099998474121094,5581.185546875,3153,32.15999984741211,25040,1996,5448.99609375
52,5765,3217,33.18000030517578,25040,1997,5581.185546875
52,5896.15966796875,3172,33.06999969482422,25040,1998,5765
42.099998474121094,4272.96533203125,1572,3.4000000953674316,25050,1993,4264.7470703125
48.29999923706055,4496.59912109375,1621,3.700000047683716,25050,1994,4272.96533203125
65.4000015258789,5339.46826171875,1584,3.569999933242798,25050,1995,4496.59912109375
70.19999694824219,5380.6884765625,1613,4.099999904632568,25050,1996,5339.46826171875
68,5490,1690,3.430000066757202,25050,1997,5380.6884765625
75,5657.87109375,1736,3.8299999237060547,25050,1998,5490
24.600000381469727,4687.26611328125,2139,43.599998474121094,25060,1993,3941.00146484375
31.5,5083.5830078125,2027,46.29999923706055,25060,1994,4687.26611328125
31,6374.71435546875,1557,45.93000030517578,25060,1995,5083.5830078125
42.099998474121094,6103.91015625,1585,43.2599983215332,25060,1996,6374.71435546875
35,6267,1697,42.849998474121094,25060,1997,6103.91015625
70,6245.71484375,1661,43.09000015258789,25060,1998,6267
22.600000381469727,4729.4736328125,850,27.200000762939453,25070,1993,4303.64208984375
35.29999923706055,4969.86865234375,877,28.600000381469727,25070,1994,4729.4736328125
58.5,5621.71240234375,912,33.4900016784668,25070,1995,4969.86865234375
45.099998474121094,5527.9921875,959,35.900001525878906,25070,1996,5621.71240234375
31,5763,948,37.470001220703125,25070,1997,5527.9921875
65,5643.10107421875,970,38.810001373291016,25070,1998,5763
59.599998474121094,5705.802734375,5174,27,25080,1993,5823.98779296875
59.29999923706055,6112.42919921875,5254,31.299999237060547,25080,1994,5705.802734375
69.30000305175781,7094.015625,5156,30.969999313354492,25080,1995,6112.42919921875
73.9000015258789,7186.185546875,5198,29.329999923706055,25080,1996,7094.015625
71,7220,5270,27.690000534057617,25080,1997,7186.185546875
77,7111.23291015625,5372,30.510000228881836,25080,1998,7220
54.099998474121094,5028.25927734375,2963,12,25100,1993,5035.78759765625
62.79999923706055,5151.8115234375,3060,12.899999618530273,25100,1994,5028.25927734375
71.0999984741211,6080.8857421875,3011,13.6899995803833,25100,1995,5151.8115234375
81.0999984741211,6144.828125,3117,14.600000381469727,25100,1996,6080.8857421875
76,6127,3190,12.109999656677246,25100,1997,6144.828125
82,5974.9326171875,3342,14.970000267028809,25100,1998,6127
59.099998474121094,4712.81298828125,3626,15.199999809265137,25110,1993,4706.322265625
64.69999694824219,5069.50390625,3629,18.5,25110,1994,4712.81298828125
78.5,5492.1748046875,3481,16.31999969482422,25110,1995,5069.50390625
73.80000305175781,5549.47412109375,3535,18.100000381469727,25110,1996,5492.1748046875
71,5404,3777,14.34000015258789,25110,1997,5549.47412109375
87,5447.1533203125,3881,20.799999237060547,25110,1998,5404
59.400001525878906,4365.15576171875,4077,9.800000190734863,25120,1993,4367.705078125
68.5,4810.66796875,4080,9.5,25120,1994,4365.15576171875
77.9000015258789,5209.93115234375,4093,8.739999771118164,25120,1995,4810.66796875
77.19999694824219,5262.02685546875,4190,7.989999771118164,25120,1996,5209.93115234375
73,5385,4229,7.449999809265137,25120,1997,5262.02685546875
95,5257.11328125,4234,8.180000305175781,25120,1998,5385
50,5037.14501953125,1164,24.700000762939453,25130,1993,4812.7119140625
51.900001525878906,5547.10546875,1117,26.600000381469727,25130,1994,5037.14501953125
55.400001525878906,5515.34423828125,1107,38.70000076293945,25130,1995,5547.10546875
69.5999984741211,5898.29833984375,1090,38.029998779296875,25130,1996,5515.34423828125
55,6079,1120,39.25,25130,1997,5898.29833984375
71,6120.66259765625,1117,34.939998626708984,25130,1998,6079
49.599998474121094,4460.67822265625,4903,13.399999618530273,25140,1993,4468.375
65.19999694824219,4873.48193359375,4966,13.699999809265137,25140,1994,4460.67822265625
75.69999694824219,5367.9033203125,4927,14.470000267028809,25140,1995,4873.48193359375
72.19999694824219,5436.9501953125,4996,13.229999542236328,25140,1996,5367.9033203125
75,5607,5035,14.470000267028809,25140,1997,5436.9501953125
84,5558.42041015625,5143,15.069999694824219,25140,1998,5607
52.099998474121094,4756.13134765625,4035,17,25150,1993,4601.076171875
65.9000015258789,4973.1171875,3950,18.299999237060547,25150,1994,4756.13134765625
78.4000015258789,5692.2734375,3744,21.040000915527344,25150,1995,4973.1171875
70.5,5632.33251953125,3748,19.06999969482422,25150,1996,5692.2734375
64,5803,3768,17.65999984741211,25150,1997,5632.33251953125
88,5743.53662109375,3771,18.040000915527344,25150,1998,5803
54.099998474121094,4923.85107421875,4305,14,25180,1993,4684.58642578125
58,5214.62548828125,4210,15.199999809265137,25180,1994,4923.85107421875
69.30000305175781,5935.55078125,4084,14.350000381469727,25180,1995,5214.62548828125
67.5,5889.091796875,4082,14.479999542236328,25180,1996,5935.55078125
63,5854,4175,13.470000267028809,25180,1997,5889.091796875
76,5798.677734375,4108,13.760000228881836,25180,1998,5854
49.5,5391.466796875,1391,6.199999809265137,25200,1993,5335.509765625
57.79999923706055,5740.96142578125,1391,6.099999904632568,25200,1994,5391.466796875
70.4000015258789,5771.259765625,1432,7.78000020980835,25200,1995,5740.96142578125
64.19999694824219,5368.4130859375,1511,7.320000171661377,25200,1996,5771.259765625
71,5534,1541,7.389999866485596,25200,1997,5368.4130859375
94,5453.0615234375,1555,8.260000228881836,25200,1998,5534
40.79999923706055,5133.7783203125,1204,41.70000076293945,25210,1993,5203.9521484375
36.79999923706055,5618.5830078125,1164,48.099998474121094,25210,1994,5133.7783203125
54.79999923706055,6490.56103515625,1128,52.189998626708984,25210,1995,5618.5830078125
58.599998474121094,6422.0458984375,1184,51.220001220703125,25210,1996,6490.56103515625
51,6373,1214,53.720001220703125,25210,1997,6422.0458984375
49,6924.1474609375,1199,57.95000076293945,25210,1998,6373
43.5,5180.4287109375,1122,17.200000762939453,25230,1993,4834.44775390625
41.20000076293945,5255.779296875,1040,18.299999237060547,25230,1994,5180.4287109375
76.30000305175781,6396.83056640625,1025,17.709999084472656,25230,1995,5255.779296875
65.5,6032.30419921875,1089,21.84000015258789,25230,1996,6396.83056640625
55,5812,1133,21.8799991607666,25230,1997,6032.30419921875
82,6201.40478515625,1165,27.440000534057617,25230,1998,5812
18.600000381469727,6334.4736328125,3200,77.0999984741211,25240,1993,6218.66015625
24.299999237060547,6905.18212890625,3128,72.30000305175781,25240,1994,6334.4736328125
38.900001525878906,8348.31640625,2870,74.279998779296875,25240,1995,6905.18212890625
35.70000076293945,8752.3134765625,2839,71.660003662109375,25240,1996,8348.31640625
33,8608,2826,73.86000061035156,25240,1997,8752.3134765625
31,8804.8525390625,2782,62.939998626708984,25240,1998,8608
58.20000076293945,4600.62939453125,2504,11.899999618530273,25250,1993,4524.4296875
48.599998474121094,4770.59716796875,2583,12.600000381469727,25250,1994,4600.62939453125
67.19999694824219,5479.537109375,2575,9.989999771118164,25250,1995,4770.59716796875
69.0999984741211,5185.30615234375,2678,9.850000381469727,25250,1996,5479.537109375
74,5382,2755,9.130000114440918,25250,1997,5185.30615234375
90,5588.94482421875,2769,9.289999961853027,25250,1998,5382
35.900001525878906,5128.224609375,1723,25,25260,1993,4565.61279296875
44.099998474121094,5463.71435546875,1722,25,25260,1994,5128.224609375
68.4000015258789,6589.556640625,1652,26.639999389648438,25260,1995,5463.71435546875
57.5,6374.990234375,1634,25.899999618530273,25260,1996,6589.556640625
63,6409,1663,29.68000030517578,25260,1997,6374.990234375
55,6839.46630859375,1634,29.389999389648438,25260,1998,6409
45.29999923706055,4718.36669921875,2624,22.100000381469727,25280,1993,4490.1103515625
50,4901.6396484375,2510,22.299999237060547,25280,1994,4718.36669921875
62.79999923706055,5643.82861328125,2399,23.90999984741211,25280,1995,4901.6396484375
59.20000076293945,5672.2275390625,2388,25.31999969482422,25280,1996,5643.82861328125
53,5746,2358,24.25,25280,1997,5672.2275390625
78,5906.99072265625,2287,24.809999465942383,25280,1998,5746
22.200000762939453,4093.027587890625,1874,38.79999923706055,26010,1993,4031.375732421875
35.79999923706055,4373.1376953125,1919,40.29999923706055,26010,1994,4093.027587890625
55.900001525878906,4934.005859375,1898,44.060001373291016,26010,1995,4373.1376953125
50.70000076293945,5202.69580078125,1892,41.310001373291016,26010,1996,4934.005859375
40,5481,1878,37.5099983215332,26010,1997,5202.69580078125
60,5569.25146484375,1845,44.959999084472656,26010,1998,5481
34.099998474121094,4337.38720703125,2074,32.29999923706055,26040,1993,4323.08984375
48.29999923706055,4870.23291015625,2019,32,26040,1994,4337.38720703125
65.9000015258789,5313.1396484375,1968,32.58000183105469,26040,1995,4870.23291015625
65.4000015258789,5297.82958984375,2074,31.270000457763672,26040,1996,5313.1396484375
62,5579,2114,30.90999984741211,26040,1997,5297.82958984375
79,5736.64404296875,2135,30.219999313354492,26040,1998,5579
50,4399.587890625,562,26.299999237060547,27010,1993,4339.10546875
65.5999984741211,4615.72900390625,567,24.700000762939453,27010,1994,4399.587890625
68.80000305175781,4908.72998046875,581,25.8700008392334,27010,1995,4615.72900390625
43.20000076293945,5332.60986328125,592,24.200000762939453,27010,1996,4908.72998046875
44,5350,602,27.049999237060547,27010,1997,5332.60986328125
69,5737.62890625,567,30.6200008392334,27010,1998,5350
40,4247.41845703125,1813,45,27020,1993,4396.30419921875
44.20000076293945,4700.20263671875,1796,45.20000076293945,27020,1994,4247.41845703125
68.5,5652.25390625,1541,42.970001220703125,27020,1995,4700.20263671875
60.400001525878906,5966.83544921875,1551,44.70000076293945,27020,1996,5652.25390625
72,6166,1538,41.88999938964844,27020,1997,5966.83544921875
82,6429.8466796875,1457,43.06999969482422,27020,1998,6166
33.29999923706055,7429.650390625,108,0,27060,1993,8543.2216796875
10,7879.87841796875,112,0,27060,1994,7429.650390625
90,8653.73046875,115,39.130001068115234,27060,1995,7879.87841796875
50,8553.8623046875,117,0,27060,1996,8653.73046875
83,9907,121,41.459999084472656,27060,1997,8553.8623046875
100,8436.5888671875,118,62.93000030517578,27060,1998,9907
69.69999694824219,4545.09326171875,507,37.599998474121094,27070,1993,4196.1083984375
63.400001525878906,4839.90869140625,486,42.400001525878906,27070,1994,4545.09326171875
85.19999694824219,5570.10791015625,464,41.900001525878906,27070,1995,4839.90869140625
37.5,5712.12255859375,442,40.63999938964844,27070,1996,5570.10791015625
52,6344,409,44.529998779296875,27070,1997,5712.12255859375
95,6620.87109375,356,42.86000061035156,27070,1998,6344
22.200000762939453,8384.875,184,47.29999923706055,27080,1993,9245.6240234375
50,8931.4677734375,195,50.70000076293945,27080,1994,8384.875
42.900001525878906,9674.232421875,208,56.810001373291016,27080,1995,8931.4677734375
50,8938.4892578125,207,47.2599983215332,27080,1996,9674.232421875
25,9427,221,55.20000076293945,27080,1997,8938.4892578125
57,13767.5517578125,192,58.15999984741211,27080,1998,9427
41.79999923706055,2583.550048828125,343,23.5,28000,1993,4605.65234375
48.099998474121094,4967.70263671875,1481,29.700000762939453,28000,1994,2583.550048828125
66.4000015258789,3583.867919921875,395,28.600000381469727,28000,1995,4967.70263671875
64.5,5512.64794921875,1500,28.920000076293945,28000,1996,3583.867919921875
62,5657,1430,29.56999969482422,28000,1997,5512.64794921875
78,5662.79443359375,1438,29.540000915527344,28000,1998,5657
49.29999923706055,4696.15185546875,10761,23,28010,1993,4495.83056640625
56.70000076293945,4834.494140625,10874,23.899999618530273,28010,1994,4696.15185546875
69,5402.6572265625,11074,24.059999465942383,28010,1995,4834.494140625
68.5,5462.52392578125,11123,24.1299991607666,28010,1996,5402.6572265625
62,5490,11085,24.799999237060547,28010,1997,5462.52392578125
80,5783.908203125,11010,23.25,28010,1998,5490
29.600000381469727,3953.075927734375,398,37.29999923706055,28035,1993,4305.93017578125
40,4807.4189453125,390,36,28035,1994,3953.075927734375
53.29999923706055,5820.7578125,404,35.150001525878906,28035,1995,4807.4189453125
38.70000076293945,5437.97314453125,408,38.970001220703125,28035,1996,5820.7578125
36,5924,419,37.380001068115234,28035,1997,5437.97314453125
44,5920.77587890625,419,41.66999816894531,28035,1998,5924
41.099998474121094,3506.56396484375,1323,39.900001525878906,28090,1993,3220.2958984375
54.099998474121094,3567.388671875,1338,39.099998474121094,28090,1994,3506.56396484375
67.9000015258789,4494.84228515625,1135,42.13999938964844,28090,1995,3567.388671875
72,4692.24658203125,1171,46.41999816894531,28090,1996,4494.84228515625
72,4754,1211,43.91999816894531,28090,1997,4692.24658203125
96,4622.99072265625,1279,42.59000015258789,28090,1998,4754
42.5,2702.397705078125,333,31.200000762939453,29000,1993,4436.34375
46.400001525878906,2902.42919921875,327,30,29000,1994,2702.397705078125
64.0999984741211,3867.165283203125,419,30.170000076293945,29000,1995,2902.42919921875
61.79999923706055,5799.07275390625,1693,28.670000076293945,29000,1996,3867.165283203125
62,5949,1536,29.90999984741211,29000,1997,5799.07275390625
73,4204.50927734375,386,29.860000610351562,29000,1998,5949
50,4847.2109375,2958,37.099998474121094,29010,1993,4691.45068359375
64.4000015258789,5093.330078125,2900,34.599998474121094,29010,1994,4847.2109375
76,5742.82470703125,2725,34.189998626708984,29010,1995,5093.330078125
66,6046.625,2748,34.61000061035156,29010,1996,5742.82470703125
72,5890,2788,35.58000183105469,29010,1997,6046.625
78,6104.908203125,2708,34.61000061035156,29010,1998,5890
40,4643.94775390625,424,34.099998474121094,29020,1993,4538.15771484375
18.5,4826.9130859375,428,34,29020,1994,4643.94775390625
40,5365.796875,423,34.02000045776367,29020,1995,4826.9130859375
57.099998474121094,5552.54296875,413,34.939998626708984,29020,1996,5365.796875
61,5903,404,36.38999938964844,29020,1997,5552.54296875
76,5628.33154296875,414,38.56999969482422,29020,1998,5903
30.299999237060547,4257.4150390625,1222,33,29040,1993,4143.4853515625
53.400001525878906,4605.98193359375,1224,31.799999237060547,29040,1994,4257.4150390625
62,5113.041015625,1219,37.939998626708984,29040,1995,4605.98193359375
72.0999984741211,5350,1214,34.400001525878906,29040,1996,5113.041015625
55,5548,1207,33.20000076293945,29040,1997,5350
70,5462.908203125,1226,33.470001220703125,29040,1998,5548
41.5,4171.88916015625,1007,19,29050,1993,4524.4296875
45.20000076293945,4699.11962890625,1007,21.799999237060547,29050,1994,4171.88916015625
65,5130.94482421875,876,23.850000381469727,29050,1995,4699.11962890625
60.400001525878906,5104.4931640625,910,17.950000762939453,29050,1996,5130.94482421875
53,5132,967,22.639999389648438,29050,1997,5104.4931640625
74,5226.5888671875,968,24.440000534057617,29050,1998,5132
47.099998474121094,4445.1279296875,1696,25.600000381469727,29060,1993,4313.93798828125
54.900001525878906,4898.390625,1660,26.200000762939453,29060,1994,4445.1279296875
54.20000076293945,5455.31494140625,1611,25.780000686645508,29060,1995,4898.390625
52.900001525878906,5464.56982421875,1647,25.559999465942383,29060,1996,5455.31494140625
55,5649,1629,30.219999313354492,29060,1997,5464.56982421875
70,5753.38330078125,1604,29.81999969482422,29060,1998,5649
26.799999237060547,4520.6572265625,1507,32,29100,1993,4501.55029296875
40.400001525878906,5054.34228515625,1509,30.399999618530273,29100,1994,4520.6572265625
62.79999923706055,5511.1318359375,1449,33.61000061035156,29100,1995,5054.34228515625
60.900001525878906,5482.98291015625,1463,36.310001373291016,29100,1996,5511.1318359375
61,5846,1415,34.040000915527344,29100,1997,5482.98291015625
79,5794.7392578125,1395,34.06999969482422,29100,1998,5846
41.70000076293945,4071.923828125,747,26.299999237060547,30010,1993,3839.1875
48.29999923706055,4309.24072265625,725,27,30010,1994,4071.923828125
67.69999694824219,4642.283203125,739,26.75,30010,1995,4309.24072265625
51.20000076293945,4832.39013671875,763,27.270000457763672,30010,1996,4642.283203125
48,5402,775,29.770000457763672,30010,1997,4832.39013671875
76,5834.1259765625,719,31.3700008392334,30010,1998,5402
38.5,4159.6708984375,2580,27.200000762939453,30020,1993,4200.68408203125
37.20000076293945,4318.98779296875,2644,31.600000381469727,30020,1994,4159.6708984375
52.5,5129.8916015625,2406,30.219999313354492,30020,1995,4318.98779296875
56.29999923706055,5445.1337890625,2317,26.920000076293945,30020,1996,5129.8916015625
49,5626,2251,29.760000228881836,30020,1997,5445.1337890625
78,5775.0458984375,2095,26.520000457763672,30020,1998,5626
37.5,4430.6884765625,1202,22,30030,1993,4070.270751953125
33.79999923706055,4517.17626953125,1203,23.799999237060547,30030,1994,4430.6884765625
61.400001525878906,5242.57861328125,1180,26.239999771118164,30030,1995,4517.17626953125
35.70000076293945,5399.1015625,1180,24.299999237060547,30030,1996,5242.57861328125
41,5572,1198,25.90999984741211,30030,1997,5399.1015625
53,5304.37744140625,1234,27.68000030517578,30030,1998,5572
12.5,4731.6953125,578,33.20000076293945,30040,1993,4474.0947265625
28.600000381469727,4934.12939453125,588,33.5,30040,1994,4731.6953125
32.70000076293945,5311.033203125,632,31.270000457763672,30040,1995,4934.12939453125
36.599998474121094,5709.0537109375,647,29.260000228881836,30040,1996,5311.033203125
47,5551,660,30.969999313354492,30040,1997,5709.0537109375
49,5490.478515625,656,33.439998626708984,30040,1998,5551
29.799999237060547,4140.78857421875,598,23.799999237060547,30050,1993,3908.969970703125
25.5,4218.26904296875,584,23.200000762939453,30050,1994,4140.78857421875
41.70000076293945,4819.21240234375,608,22.149999618530273,30050,1995,4218.26904296875
43.20000076293945,4633.93896484375,623,22.6299991607666,30050,1996,4819.21240234375
40,4803,621,20.059999465942383,30050,1997,4633.93896484375
43,5177.35595703125,594,23.6200008392334,30050,1998,4803
36.79999923706055,4159.6708984375,888,28.700000762939453,30060,1993,4183.5244140625
50,4523.67431640625,868,28.799999237060547,30060,1994,4159.6708984375
47.599998474121094,5174.1240234375,852,26.709999084472656,30060,1995,4523.67431640625
64.30000305175781,5492.189453125,831,26.989999771118164,30060,1996,5174.1240234375
47,5595,845,24.639999389648438,30060,1997,5492.189453125
75,5477.677734375,859,29.049999237060547,30060,1998,5595
23.100000381469727,4148.56396484375,995,28.600000381469727,30070,1993,4096.58251953125
27.600000381469727,4494.43310546875,1004,27.299999237060547,30070,1994,4148.56396484375
49.400001525878906,5039.32080078125,1025,32.279998779296875,30070,1995,4494.43310546875
36.70000076293945,5146.43408203125,1045,31.65999984741211,30070,1996,5039.32080078125
35,5396,1060,30.860000610351562,30070,1997,5146.43408203125
63,5870.55810546875,1049,32.220001220703125,30070,1998,5396
12.5,4806.11376953125,507,38.599998474121094,30080,1993,4634.25146484375
69.19999694824219,5050.01025390625,477,37.5,30080,1994,4806.11376953125
57.70000076293945,5688.06103515625,462,37.5,30080,1995,5050.01025390625
48.599998474121094,5905.458984375,499,36.529998779296875,30080,1996,5688.06103515625
49,5764,466,41.25,30080,1997,5905.458984375
62,5755.3525390625,433,41.56999969482422,30080,1998,5764
63.29999923706055,3864.2177734375,1084,29.100000381469727,31010,1993,3922.69775390625
57.29999923706055,4237.76318359375,1061,32.599998474121094,31010,1994,3864.2177734375
62.900001525878906,4886.6142578125,1063,32.45000076293945,31010,1995,4237.76318359375
66.69999694824219,5165.8701171875,1049,31.68000030517578,31010,1996,4886.6142578125
80,5213,1084,32.9900016784668,31010,1997,5165.8701171875
87,5388.07373046875,1093,31.739999771118164,31010,1998,5213
25.600000381469727,4014.166015625,488,49.20000076293945,31020,1993,3941.00146484375
31.100000381469727,4529.0888671875,490,42.900001525878906,31020,1994,4014.166015625
71.4000015258789,4808.68115234375,539,40.279998779296875,31020,1995,4529.0888671875
67.4000015258789,5076.8740234375,531,44.959999084472656,31020,1996,4808.68115234375
48,5308,537,41.5099983215332,31020,1997,5076.8740234375
64,5632.27001953125,533,46.34000015258789,31020,1998,5308
58.400001525878906,3909.757568359375,1686,45.400001525878906,31030,1993,3876.938720703125
60.79999923706055,4167.36865234375,1682,46,31030,1994,3909.757568359375
59.79999923706055,4776.033203125,1691,52,31030,1995,4167.36865234375
59.900001525878906,4716.79736328125,1749,48.45000076293945,31030,1996,4776.033203125
65,4987,1763,46.029998779296875,31030,1997,4716.79736328125
69,5212.8037109375,1742,50.540000915527344,31030,1998,4987
48,3793.13134765625,333,41.099998474121094,31050,1993,3642.42333984375
52.20000076293945,3740.66796875,346,41.70000076293945,31050,1994,3793.13134765625
69.5999984741211,4265.255859375,356,35.11000061035156,31050,1995,3740.66796875
76.69999694824219,4305.57373046875,354,44.47999954223633,31050,1996,4265.255859375
63,4324,357,37.81999969482422,31050,1997,4305.57373046875
57,5118.27587890625,325,37.849998474121094,31050,1998,4324
29.399999618530273,4341.830078125,310,30,31100,1993,4165.22119140625
32.29999923706055,4761.93310546875,306,13,31100,1994,4341.830078125
42.900001525878906,5098.296875,305,23.93000030517578,31100,1995,4761.93310546875
37.5,5026.74951171875,298,25.93000030517578,31100,1996,5098.296875
67,5514,315,28.25,31100,1997,5026.74951171875
95,5779.96923828125,301,32.599998474121094,31100,1998,5514
54.5,4229.64697265625,1234,27.200000762939453,31110,1993,4246.443359375
66.69999694824219,4533.4208984375,1235,26.299999237060547,31110,1994,4229.64697265625
68.80000305175781,4983.50390625,1242,28,31110,1995,4533.4208984375
74.69999694824219,5143.365234375,1271,25.670000076293945,31110,1996,4983.50390625
67,5419,1284,22.520000457763672,31110,1997,5143.365234375
83,5531.83447265625,1324,26.489999771118164,31110,1998,5419
23.600000381469727,4205.2109375,621,34.099998474121094,31130,1993,4093.150390625
59.20000076293945,4080.728759765625,617,34,31130,1994,4205.2109375
50,4769.71435546875,604,30.760000228881836,31130,1995,4080.728759765625
62.79999923706055,4910.1337890625,596,31.059999465942383,31130,1996,4769.71435546875
28,5036,606,32.5,31130,1997,4910.1337890625
89,5273.8525390625,586,33.619998931884766,31130,1998,5036
47.599998474121094,2691.29052734375,298,54.900001525878906,31140,1993,2610.555908203125
52.900001525878906,2979.32177734375,299,54.29999923706055,31140,1994,2691.29052734375
60.900001525878906,5359.47802734375,199,48.5099983215332,31140,1995,2979.32177734375
82.4000015258789,5125.97509765625,204,49.5099983215332,31140,1996,5359.47802734375
71,5839,185,48.38999938964844,31140,1997,5125.97509765625
94,5664.763671875,184,38.040000915527344,31140,1998,5839
37.20000076293945,3506.56396484375,1523,28.399999618530273,32010,1993,3500.5703125
58.29999923706055,3741.7509765625,1569,31.799999237060547,32010,1994,3506.56396484375
74.5,4236.82080078125,1635,28.020000457763672,32010,1995,3741.7509765625
76,4586.88330078125,1565,26.049999237060547,32010,1996,4236.82080078125
70,4929,1581,27.84000015258789,32010,1997,4586.88330078125
89,5259.0830078125,1528,26.889999389648438,32010,1998,4929
37,5512.5361328125,286,36.29999923706055,32030,1993,5519.68994140625
73.69999694824219,5847.09521484375,284,33.599998474121094,32030,1994,5512.5361328125
52.20000076293945,6188.30712890625,290,43.4900016784668,32030,1995,5847.09521484375
63.20000076293945,6089.5888671875,313,40.689998626708984,32030,1996,6188.30712890625
79,6605,301,41.45000076293945,32030,1997,6089.5888671875
72,6593.30078125,301,42.900001525878906,32030,1998,6605
48.099998474121094,4438.46337890625,1337,35,32050,1993,4342.53759765625
39.599998474121094,4733.775390625,1373,33.599998474121094,32050,1994,4438.46337890625
69,5283.6513671875,1375,39.83000183105469,32050,1995,4733.775390625
57.099998474121094,5406.26171875,1392,38.47999954223633,32050,1996,5283.6513671875
76,5542,1376,35.91999816894531,32050,1997,5406.26171875
89,5959.177734375,1340,37.40999984741211,32050,1998,5542
40.900001525878906,4325.16943359375,913,23.399999618530273,32060,1993,4183.5244140625
48.099998474121094,4691.53857421875,908,22.799999237060547,32060,1994,4325.16943359375
45.70000076293945,5018.2578125,922,25.399999618530273,32060,1995,4691.53857421875
78.69999694824219,5182.2373046875,917,27.010000228881836,32060,1996,5018.2578125
62,5800,883,23.219999313354492,32060,1997,5182.2373046875
72,5797.693359375,860,25.40999984741211,32060,1998,5800
60.79999923706055,4944.955078125,729,33.900001525878906,32080,1993,4824.15185546875
71.69999694824219,5522.1962890625,723,35.70000076293945,32080,1994,4944.955078125
70,5754.4091796875,721,38.65999984741211,32080,1995,5522.1962890625
80,5593.4609375,719,37.02000045776367,32080,1996,5754.4091796875
92,5905,688,33.47999954223633,32080,1997,5593.4609375
75,6419.01513671875,643,33.70000076293945,32080,1998,5905
68,5290.390625,340,39,32090,1993,6060.791015625
65.4000015258789,5347.833984375,323,34.400001525878906,32090,1994,5290.390625
66.69999694824219,5644.8818359375,320,31.09000015258789,32090,1995,5347.833984375
62.5,5674.2734375,319,34.25,32090,1996,5644.8818359375
62,6375,307,36.88999938964844,32090,1997,5674.2734375
73,6185.650390625,302,39.7400016784668,32090,1998,6375
54.5,6902.05517578125,131,40.599998474121094,32130,1993,7700.1103515625
37.5,7399.0283203125,124,37.5,32130,1994,6902.05517578125
31.299999237060547,6852.84423828125,152,41.290000915527344,32130,1995,7399.0283203125
66.69999694824219,7424.53173828125,147,28.56999969482422,32130,1996,6852.84423828125
43,7740,147,36.72999954223633,32130,1997,7424.53173828125
50,7006.85888671875,162,37.720001220703125,32130,1998,7740
41,4055.262939453125,984,29.5,32170,1993,3683.6064453125
60.29999923706055,4273.501953125,971,28.600000381469727,32170,1994,4055.262939453125
68.19999694824219,4564.35009765625,910,29.5,32170,1995,4273.501953125
61.79999923706055,4559.263671875,939,32.77000045776367,32170,1996,4564.35009765625
55,4994,905,32.709999084472656,32170,1997,4559.263671875
79,4933.15966796875,919,37.56999969482422,32170,1998,4994
65.30000305175781,6864.29052734375,3976,19.399999618530273,33010,1993,6679.6826171875
69.0999984741211,7084.95947265625,3970,19.399999618530273,33010,1994,6864.29052734375
70.80000305175781,7658.50390625,4003,19.100000381469727,33010,1995,7084.95947265625
76.0999984741211,8254.1396484375,3916,20.1200008392334,33010,1996,7658.50390625
66,7979,3938,19.610000610351562,33010,1997,8254.1396484375
87,7690.21484375,3752,18.09000015258789,33010,1998,7979
31.899999618530273,6194.5224609375,22392,47.70000076293945,33020,1993,5929.23388671875
31.5,6612.7734375,21949,50.900001525878906,33020,1994,6194.5224609375
40.70000076293945,7421.544921875,20399,50.36000061035156,33020,1995,6612.7734375
40.599998474121094,7305.8701171875,20337,53.560001373291016,33020,1996,7421.544921875
40,7544,19331,54.869998931884766,33020,1997,7305.8701171875
60,7375.12255859375,19049,52.619998931884766,33020,1998,7544
46.5,4766.1279296875,891,8.800000190734863,33040,1993,4983.16455078125
50,5094.4130859375,891,11.800000190734863,33040,1994,4766.1279296875
82.4000015258789,5651.20068359375,886,10.770000457763672,33040,1995,5094.4130859375
68.0999984741211,5599.5986328125,882,11.850000381469727,33040,1996,5651.20068359375
74,6031,862,10.170000076293945,33040,1997,5599.5986328125
83,5776.03076171875,882,9.960000038146973,33040,1998,6031
61.900001525878906,5202.6435546875,2629,8.399999618530273,33060,1993,5088.41064453125
63.5,5165.890625,2699,9.5,33060,1994,5202.6435546875
72.80000305175781,5843.9267578125,2538,9.0600004196167,33060,1995,5165.890625
81,5938.19287109375,2607,8.539999961853027,33060,1996,5843.9267578125
79,6156,2704,7.039999961853027,33060,1997,5938.19287109375
84,6037.951171875,2799,8.510000228881836,33060,1998,6156
44.20000076293945,5081.57421875,5005,11.399999618530273,33070,1993,5107.8583984375
43.900001525878906,5851.42724609375,5097,11.5,33070,1994,5081.57421875
54.79999923706055,6543.21826171875,5063,12.65999984741211,33070,1995,5851.42724609375
58.599998474121094,6626.634765625,5255,11.960000038146973,33070,1996,6543.21826171875
61,6636,5392,12.529999732971191,33070,1997,6626.634765625
70,5946.37744140625,5322,13.59000015258789,33070,1998,6636
34.20000076293945,4482.892578125,1575,27.799999237060547,33100,1993,4422.61572265625
36.099998474121094,4772.76318359375,1579,32.599998474121094,33100,1994,4482.892578125
37.400001525878906,5427.93310546875,1523,30.15999984741211,33100,1995,4772.76318359375
38.900001525878906,5663.02099609375,1501,28.350000381469727,33100,1996,5427.93310546875
27,6178,1472,27.450000762939453,33100,1997,5663.02099609375
45,6266.392578125,1480,28.229999542236328,33100,1998,6178
58.5,4888.3076171875,3427,11.699999809265137,33130,1993,4801.2724609375
75.0999984741211,5302.34814453125,3380,11.800000190734863,33130,1994,4888.3076171875
85.5999984741211,5720.70849609375,3423,13.550000190734863,33130,1995,5302.34814453125
88.80000305175781,6017.98291015625,3426,13.760000228881836,33130,1996,5720.70849609375
75,5875,3493,15.199999809265137,33130,1997,6017.98291015625
87,6000.53369140625,3404,14.350000381469727,33130,1998,5875
62.5,5922.39404296875,4046,5.5,33170,1993,5751.91748046875
69,6000.88037109375,4144,6.800000190734863,33170,1994,5922.39404296875
70.0999984741211,7010.81689453125,4178,6.21999979019165,33170,1995,6000.88037109375
80.19999694824219,7168.79541015625,4323,6.889999866485596,33170,1996,7010.81689453125
76,7630,4284,6.960000038146973,33170,1997,7168.79541015625
90,7389.892578125,4303,6.610000133514404,33170,1998,7630
59.29999923706055,7263.041015625,3268,11.100000381469727,33215,1993,6967.96533203125
70,7063.2998046875,3233,13.800000190734863,33215,1994,7263.041015625
73.69999694824219,7495.265625,3270,14.270000457763672,33215,1995,7063.2998046875
83.30000305175781,8111.9501953125,3249,14.039999961853027,33215,1996,7495.265625
73,7972,3295,12.579999923706055,33215,1997,8111.9501953125
77,7655.75146484375,3321,17.34000015258789,33215,1998,7972
48.5,4729.4736328125,880,17.799999237060547,33220,1993,4700.60205078125
65,4907.0546875,874,17.5,33220,1994,4729.4736328125
63.29999923706055,5720.70849609375,838,15.319999694824219,33220,1995,4907.0546875
53.79999923706055,5945.353515625,817,15.59000015258789,33220,1996,5720.70849609375
57,6074,806,13.539999961853027,33220,1997,5945.353515625
58,5998.564453125,781,18.049999237060547,33220,1998,6074
68.0999984741211,4994.9375,1673,6.300000190734863,33230,1993,5060.955078125
64.80000305175781,5130.15185546875,1694,8,33230,1994,4994.9375
69.69999694824219,5424.7734375,1756,7.570000171661377,33230,1995,5130.15185546875
60.79999923706055,5946.37646484375,1761,8.380000114440918,33230,1996,5424.7734375
81,5864,1784,7.159999847412109,33230,1997,5946.37646484375
84,5948.3466796875,1826,6.070000171661377,33230,1998,5864
48,4281.85107421875,3482,32.70000076293945,34010,1993,4125.181640625
51.900001525878906,4865.90087890625,3453,32.599998474121094,34010,1994,4281.85107421875
62.79999923706055,5328.93701171875,3510,33.060001373291016,34010,1995,4865.90087890625
83.0999984741211,5957.62890625,3540,34.119998931884766,34010,1996,5328.93701171875
78,6002,3524,35.630001068115234,34010,1997,5957.62890625
86,5962.1318359375,3467,36.810001373291016,34010,1998,6002
42.900001525878906,3173.345947265625,268,38.400001525878906,34040,1993,2966.332763671875
28.600000381469727,3500.242919921875,265,38.400001525878906,34040,1994,3173.345947265625
56.29999923706055,6007.1650390625,184,40.560001373291016,34040,1995,3500.242919921875
53.599998474121094,5839.990234375,194,38.02000045776367,34040,1996,6007.1650390625
33,6184,177,34.43000030517578,34040,1997,5839.990234375
40,5652.94775390625,197,39,34040,1998,6184
36.20000076293945,4094.13818359375,2606,29.899999618530273,34080,1993,4067.98291015625
47.70000076293945,4244.26123046875,2574,31.600000381469727,34080,1994,4094.13818359375
42.400001525878906,4772.8740234375,2534,29.770000457763672,34080,1995,4244.26123046875
46.70000076293945,4943.89111328125,2545,26.450000762939453,34080,1996,4772.8740234375
41,5157,2593,27.59000015258789,34080,1997,4943.89111328125
63,5234.46630859375,2618,26.950000762939453,34080,1998,5157
56,4325.16943359375,2840,21.100000381469727,34090,1993,4460.3671875
67.80000305175781,4471.6904296875,2816,27.200000762939453,34090,1994,4325.16943359375
66.5,5222.56884765625,2791,24.200000762939453,34090,1995,4471.6904296875
70.4000015258789,5262.02685546875,2814,21.709999084472656,34090,1996,5222.56884765625
65,5503,2842,23.25,34090,1997,5262.02685546875
81,5414.65966796875,2839,24.549999237060547,34090,1998,5503
63.5,4342.94091796875,1844,14.399999618530273,34110,1993,4118.31787109375
58.900001525878906,4740.2734375,1865,14.199999809265137,34110,1994,4342.94091796875
75.80000305175781,5292.07666015625,1820,14.920000076293945,34110,1995,4740.2734375
82.30000305175781,5329.541015625,1840,14.199999809265137,34110,1996,5292.07666015625
71,5588,1926,15.760000228881836,34110,1997,5329.541015625
80,5443.21484375,1941,15.779999732971191,34110,1998,5588
35.900001525878906,4143.01025390625,1210,18.399999618530273,34120,1993,4218.98779296875
36.599998474121094,4267.00390625,1236,23.399999618530273,34120,1994,4143.01025390625
59.400001525878906,4813.94677734375,1203,24.8799991607666,34120,1995,4267.00390625
47.900001525878906,5062.552734375,1236,22.329999923706055,34120,1996,4813.94677734375
54,5218,1229,17.06999969482422,34120,1997,5062.552734375
73,5302.408203125,1230,18.579999923706055,34120,1998,5218
25,1197.36328125,68,0,34360,1993,1082.202392578125
16.700000762939453,1242.1964111328125,72,0,34360,1994,1197.36328125
33.29999923706055,3994.596435546875,29,0,34360,1995,1242.1964111328125
100,2791.61572265625,30,0,34360,1996,3994.596435546875
50,3742,28,0,34360,1997,2791.61572265625
100,4008.561279296875,30,0,34360,1998,3742
34.099998474121094,5239.29736328125,2732,40.400001525878906,35010,1993,4435.19970703125
40.599998474121094,6611.6904296875,2229,43.5,35010,1994,5239.29736328125
38.599998474121094,6517.94287109375,2231,45.81999969482422,35010,1995,6611.6904296875
47.099998474121094,5371.48193359375,2297,42.63999938964844,35010,1996,6517.94287109375
35,5939,2217,44.720001220703125,35010,1997,5371.48193359375
66,6162.0185546875,2256,48.79999923706055,35010,1998,5939
25,5102.67822265625,761,46,35020,1993,4236.1474609375
38.599998474121094,5059.75732421875,762,49.099998474121094,35020,1994,5102.67822265625
53.20000076293945,6085.09814453125,761,51.189998626708984,35020,1995,5059.75732421875
55.900001525878906,5984.2255859375,778,52.959999084472656,35020,1996,6085.09814453125
37,6411,768,51.81999969482422,35020,1997,5984.2255859375
66,6027.11962890625,822,53.86000061035156,35020,1998,6411
36.70000076293945,4013.05517578125,1765,27.399999618530273,35030,1993,3971.888916015625
49.599998474121094,4454.3623046875,1710,26,35030,1994,4013.05517578125
64.69999694824219,4967.70654296875,1730,32.06999969482422,35030,1995,4454.3623046875
69.19999694824219,4790.44921875,1777,26.540000915527344,35030,1996,4967.70654296875
46,5038,1832,27.600000381469727,35030,1997,4790.44921875
85,5098.5830078125,1827,27.100000381469727,35030,1998,5038
35.099998474121094,4409.58447265625,1964,51.20000076293945,35040,1993,3827.747802734375
35.400001525878906,4533.4208984375,1931,54.79999923706055,35040,1994,4409.58447265625
41.5,5288.9169921875,1486,56.459999084472656,35040,1995,4533.4208984375
29.299999237060547,5329.541015625,1477,54.560001373291016,35040,1996,5288.9169921875
31,5280,1537,54.18000030517578,35040,1997,5329.541015625
44,5506.23291015625,1498,58.060001373291016,35040,1998,5280
70.5,4585.07958984375,751,29.600000381469727,36015,1993,4398.59228515625
67.9000015258789,4791.17431640625,761,28.299999237060547,36015,1994,4585.07958984375
73.30000305175781,5328.93701171875,776,29.780000686645508,36015,1995,4791.17431640625
48.29999923706055,5575.0478515625,746,31.68000030517578,36015,1996,5328.93701171875
77,5492,760,30.479999542236328,36015,1997,5575.0478515625
92,6164.97216796875,753,28.700000762939453,36015,1998,5492
48.5,4391.81298828125,1514,31.299999237060547,36025,1993,4002.776123046875
43.20000076293945,4586.48779296875,1537,32.5,36025,1994,4391.81298828125
55.900001525878906,5709.1240234375,1485,34.56999969482422,36025,1995,4586.48779296875
49.5,5942.28466796875,1509,37.36000061035156,36025,1996,5709.1240234375
53,5981,1485,34.34000015258789,36025,1997,5942.28466796875
63,6291.99365234375,1456,35.58000183105469,36025,1998,5981
56.599998474121094,4970.50146484375,4663,25.5,37010,1993,4758.9453125
58.79999923706055,5505.95166015625,4607,25,37010,1994,4970.50146484375
63.20000076293945,6094.57666015625,4346,27.079999923706055,37010,1995,5505.95166015625
63.599998474121094,6391.357421875,4405,24.780000686645508,37010,1996,6094.57666015625
64,6694,4352,26.170000076293945,37010,1997,6391.357421875
73,6609.05517578125,4325,24.690000534057617,37010,1998,6694
46.400001525878906,4627.287109375,507,25.200000762939453,37040,1993,4439.775390625
32,4771.68017578125,503,28.200000762939453,37040,1994,4627.287109375
67.69999694824219,4767.60791015625,524,26.43000030517578,37040,1995,4771.68017578125
42.900001525878906,4833.4130859375,538,26.1299991607666,37040,1996,4767.60791015625
33,4876,538,24.90999984741211,37040,1997,4833.4130859375
95,4988.30078125,592,24.290000915527344,37040,1998,4876
43.900001525878906,4432.90966796875,2009,28.700000762939453,37060,1993,4015.35986328125
50,4888.6435546875,1932,28.600000381469727,37060,1994,4432.90966796875
62,5377.3818359375,1895,30.729999542236328,37060,1995,4888.6435546875
58.900001525878906,5552.54296875,1895,26.059999465942383,37060,1996,5377.3818359375
63,5734,1894,27.34000015258789,37060,1997,5552.54296875
68,5883.35888671875,1808,30.489999771118164,37060,1998,5734
43.099998474121094,4942.7333984375,2295,19.299999237060547,38010,1993,4720.0498046875
58.400001525878906,5078.16796875,2277,18.700000762939453,38010,1994,4942.7333984375
63.099998474121094,5410.029296875,2262,18.690000534057617,38010,1995,5078.16796875
55,5548.451171875,2350,17.920000076293945,38010,1996,5410.029296875
62,5468,2474,16.3700008392334,38010,1997,5548.451171875
74,5355.57958984375,2629,18.1200008392334,38010,1998,5468
35,4487.33544921875,943,22.700000762939453,38020,1993,4424.90380859375
41.900001525878906,5217.87451171875,908,23,38020,1994,4487.33544921875
58.29999923706055,5476.3779296875,932,23.790000915527344,38020,1995,5217.87451171875
59.70000076293945,5010.38232421875,998,22.049999237060547,38020,1996,5476.3779296875
44,5265,1065,24.559999465942383,38020,1997,5010.38232421875
70,5042.45703125,1151,33.560001373291016,38020,1998,5265
40.099998474121094,4225.2041015625,2054,12,38040,1993,4038.239501953125
45.29999923706055,4617.89453125,2014,13.5,38040,1994,4225.2041015625
47.400001525878906,5113.041015625,1984,12.289999961853027,38040,1995,4617.89453125
51.900001525878906,5365.34423828125,1928,14.479999542236328,38040,1996,5113.041015625
41,5412,1903,15.819999694824219,38040,1997,5365.34423828125
56,5527.8955078125,1940,17.3700008392334,38040,1998,5412
28.100000381469727,4805.00341796875,808,13.100000381469727,38050,1993,4551.88525390625
42.099998474121094,4913.552734375,821,12,38050,1994,4805.00341796875
62.20000076293945,5398.44482421875,863,11.529999732971191,38050,1995,4913.552734375
43.099998474121094,5438.99609375,870,10,38050,1996,5398.44482421875
34,5531,889,9.649999618530273,38050,1997,5438.99609375
49,5483.5859375,905,10.720000267028809,38050,1998,5531
49.29999923706055,4578.4150390625,946,15.699999809265137,38080,1993,4636.53955078125
45.900001525878906,4939.54443359375,954,14.5,38080,1994,4578.4150390625
64.9000015258789,5217.30322265625,945,15.199999809265137,38080,1995,4939.54443359375
56.29999923706055,5138.25048828125,985,15.130000114440918,38080,1996,5217.30322265625
60,5757,1010,14.130000114440918,38080,1997,5138.25048828125
72,5454.0458984375,1004,18.540000915527344,38080,1998,5757
38.20000076293945,4468.453125,1511,27.700000762939453,38090,1993,4348.25732421875
32.79999923706055,5033.76513671875,1462,33.70000076293945,38090,1994,4468.453125
37.29999923706055,5653.30712890625,1435,28.739999771118164,38090,1995,5033.76513671875
70.5999984741211,5547.42822265625,1499,28.1200008392334,38090,1996,5653.30712890625
56,5707,1543,30.309999465942383,38090,1997,5547.42822265625
68,5911.9140625,1565,31.649999618530273,38090,1998,5707
56.79999923706055,4320.7265625,1227,18,38100,1993,4396.30419921875
43.79999923706055,4431.61962890625,1239,19.5,38100,1994,4320.7265625
62,4921.3681640625,1236,19.559999465942383,38100,1995,4431.61962890625
57.29999923706055,5073.80517578125,1250,18.1200008392334,38100,1996,4921.3681640625
47,5105,1293,19.459999084472656,38100,1997,5073.80517578125
63,5234.46630859375,1314,20.729999542236328,38100,1998,5105
28.200000762939453,4351.82666015625,1285,24.200000762939453,38120,1993,4086.28662109375
21.600000381469727,4664.46337890625,1203,28.799999237060547,38120,1994,4351.82666015625
58.79999923706055,5358.4248046875,1223,31.440000534057617,38120,1995,4664.46337890625
57.5,5429.78955078125,1273,29.510000228881836,38120,1996,5358.4248046875
31,5420,1369,28.950000762939453,38120,1997,5429.78955078125
71,5352.6259765625,1385,27.270000457763672,38120,1998,5420
46.400001525878906,4107.466796875,1480,14.399999618530273,38130,1993,4186.95654296875
42.099998474121094,4425.12158203125,1483,14.199999809265137,38130,1994,4107.466796875
61.20000076293945,4966.6533203125,1489,18.239999771118164,38130,1995,4425.12158203125
50.79999923706055,5157.6865234375,1537,16.43000030517578,38130,1996,4966.6533203125
49,5375,1594,13.989999771118164,38130,1997,5157.6865234375
82,5453.0615234375,1640,16.139999389648438,38130,1998,5375
25.799999237060547,4324.05859375,3480,16.200000762939453,38140,1993,4228.1396484375
51.5,4441.3662109375,3615,17.5,38140,1994,4324.05859375
54.099998474121094,5105.6689453125,3542,21.350000381469727,38140,1995,4441.3662109375
64.69999694824219,5131.08984375,3555,18.3700008392334,38140,1996,5105.6689453125
58,5189,3668,20.260000228881836,38140,1997,5131.08984375
75,5194.09521484375,3716,21.299999237060547,38140,1998,5189
38,4446.23876953125,1134,27.5,38150,1993,4459.22314453125
41.29999923706055,4521.50830078125,1131,30.899999618530273,38150,1994,4446.23876953125
46.29999923706055,5391.07275390625,1085,29.809999465942383,38150,1995,4521.50830078125
56,5334.65576171875,1074,34.689998626708984,38150,1996,5391.07275390625
55,5729,1064,32.0099983215332,38150,1997,5334.65576171875
70,5730.736328125,1091,32.47999954223633,38150,1998,5729
22.700000762939453,5353.7021484375,8156,45.20000076293945,38170,1993,5511.68212890625
34.5,5691.1435546875,8120,49.79999923706055,38170,1994,5353.7021484375
37,6778.07080078125,7760,55.869998931884766,38170,1995,5691.1435546875
41.79999923706055,6817.92529296875,7723,55.40999984741211,38170,1996,6778.07080078125
43,6884,7778,58.56999969482422,38170,1997,6817.92529296875
57,6910.36181640625,7657,58.380001068115234,38170,1998,6884
49.20000076293945,4894.97216796875,3833,19.700000762939453,39000,1993,4908.80615234375
53.20000076293945,5278.5224609375,3832,19.200000762939453,39000,1994,4894.97216796875
60.79999923706055,6189.35986328125,3759,28.600000381469727,39000,1995,5278.5224609375
62.599998474121094,4332.169921875,453,28.43000030517578,39000,1996,6189.35986328125
65,4379,474,30.81999969482422,39000,1997,4332.169921875
79,4371.90185546875,469,30.8799991607666,39000,1998,4379
30.600000381469727,5873.5224609375,12105,43.900001525878906,39010,1993,5910.93017578125
35.79999923706055,6388.59326171875,12020,46.400001525878906,39010,1994,5873.5224609375
41,7145.61962890625,12260,50.02000045776367,39010,1995,6388.59326171875
52,7573.88134765625,12202,48.720001220703125,39010,1996,7145.61962890625
54,7559,12141,54.16999816894531,39010,1997,7573.88134765625
69,7626.2119140625,12002,55.439998626708984,39010,1998,7559
48.20000076293945,4761.68505859375,682,14.100000381469727,39020,1993,4887.07080078125
50.900001525878906,5192.9658203125,678,13.699999809265137,39020,1994,4761.68505859375
65.4000015258789,5133.05078125,727,16.479999542236328,39020,1995,5192.9658203125
37,5629.263671875,706,13.199999809265137,39020,1996,5133.05078125
63,5614,714,15.109999656677246,39020,1997,5629.263671875
79,5793.75439453125,709,15.779999732971191,39020,1998,5614
48.599998474121094,5222.63671875,2689,30.700000762939453,39030,1993,5672.98291015625
54.599998474121094,5659.73681640625,2686,26.5,39030,1994,5222.63671875
62.70000076293945,5973.46435546875,2819,33.86000061035156,39030,1995,5659.73681640625
53.79999923706055,6039.46484375,2962,34.849998474121094,39030,1996,5973.46435546875
67,6258,2981,38.150001525878906,39030,1997,6039.46484375
81,6112.78515625,3051,37.4900016784668,39030,1998,6258
33,5036.0341796875,1179,26.299999237060547,39050,1993,5004.900390625
46.400001525878906,5358.6640625,1163,24.799999237060547,39050,1994,5036.0341796875
65.4000015258789,6051.3974609375,1164,29.049999237060547,39050,1995,5358.6640625
50,6383.173828125,1175,29.299999237060547,39050,1996,6051.3974609375
54,6493,1206,32.810001373291016,39050,1997,6383.173828125
81,6398.33740234375,1224,34.380001068115234,39050,1998,6493
60.5,4599.51904296875,2671,6.699999809265137,39065,1993,4621.66796875
59.5,4918.9677734375,2749,7.400000095367432,39065,1994,4599.51904296875
76.69999694824219,5131.998046875,2883,7.309999942779541,39065,1995,4918.9677734375
69.5,5168.93896484375,2882,7.480000019073486,39065,1996,5131.998046875
68,5548,2946,8.539999961853027,39065,1997,5168.93896484375
84,5325.05517578125,2949,8.229999542236328,39065,1998,5548
45.79999923706055,4625.0654296875,3566,24.200000762939453,39130,1993,4429.4794921875
55.900001525878906,5072.7529296875,3310,25.799999237060547,39130,1994,4625.0654296875
58.70000076293945,6506.35791015625,1727,24.25,39130,1995,5072.7529296875
73,6285.994140625,1785,26.690000534057617,39130,1996,6506.35791015625
75,6140,1845,31.09000015258789,39130,1997,6285.994140625
81,5952.28515625,1903,28.170000076293945,39130,1998,6140
64.9000015258789,5148.2177734375,8016,8.600000381469727,39140,1993,5099.85009765625
61.20000076293945,5365.162109375,8238,8.5,39140,1994,5148.2177734375
75.19999694824219,5610.1279296875,8583,9.649999618530273,39140,1995,5365.162109375
74.4000015258789,5933.07861328125,8650,9.960000038146973,39140,1996,5610.1279296875
73,5715,8881,9.859999656677246,39140,1997,5933.07861328125
86,5793.75439453125,8990,10.039999961853027,39140,1998,5715
55.099998474121094,4379.59521484375,1002,7.800000190734863,39160,1993,4186.95654296875
52.400001525878906,4686.12353515625,1011,5.199999809265137,39160,1994,4379.59521484375
82.30000305175781,5216.25,1056,5.440000057220459,39160,1995,4686.12353515625
65.9000015258789,5315.2197265625,1087,5.409999847412109,39160,1996,5216.25
64,5685,1087,5.949999809265137,39160,1997,5315.2197265625
89,5544.634765625,1112,7.210000038146973,39160,1998,5685
56.29999923706055,4410.6953125,2585,14.600000381469727,39170,1993,4367.705078125
62.29999923706055,4865.90087890625,2631,14.600000381469727,39170,1994,4410.6953125
74.5999984741211,5466.8994140625,2611,13.130000114440918,39170,1995,4865.90087890625
78.5,5466.61572265625,2620,13.210000038146973,39170,1996,5466.8994140625
76,5538,2699,13.130000114440918,39170,1997,5466.61572265625
81,5725.81298828125,2699,14.260000228881836,39170,1998,5538
23.299999237060547,4608.40478515625,950,53.099998474121094,40020,1993,4093.150390625
30.799999237060547,4389.3828125,984,49.5,40020,1994,4608.40478515625
51.599998474121094,4858.17919921875,832,53.849998474121094,40020,1995,4389.3828125
36.5,5225.20068359375,836,52.54999923706055,40020,1996,4858.17919921875
43,5676,915,53.40999984741211,40020,1997,5225.20068359375
75,5583.03662109375,833,49.58000183105469,40020,1998,5676
35.599998474121094,4004.16943359375,2311,34,40040,1993,4394.0166015625
40.400001525878906,4461.943359375,2139,31.299999237060547,40040,1994,4004.16943359375
49.599998474121094,5208.8779296875,2082,35.20000076293945,40040,1995,4461.943359375
47.29999923706055,5525.9462890625,2119,34.0099983215332,40040,1996,5208.8779296875
49,5929,2044,34.40999984741211,40040,1997,5525.9462890625
67,5341.79443359375,2053,33.720001220703125,40040,1998,5929
28.700000762939453,5064.9130859375,30596,57.29999923706055,41010,1993,5956.689453125
34.900001525878906,5861.17431640625,29796,58.20000076293945,41010,1994,5064.9130859375
43.29999923706055,6609.56689453125,26737,60.310001373291016,41010,1995,5861.17431640625
49.900001525878906,6522.29443359375,26898,64.4800033569336,41010,1996,6609.56689453125
39,6485,27428,61.20000076293945,41010,1997,6522.29443359375
48,6676.01220703125,26727,65.2699966430664,41010,1998,6485
38.20000076293945,6222.29052734375,2115,39.400001525878906,41020,1993,6378.81689453125
39.20000076293945,5993.2998046875,2192,39.900001525878906,41020,1994,6222.29052734375
52.79999923706055,6008.21826171875,2358,44.209999084472656,41020,1995,5993.2998046875
70.19999694824219,6360.66943359375,2352,43.08000183105469,41020,1996,6008.21826171875
56,6661,2343,43.130001068115234,41020,1997,6360.66943359375
72,6865.0673828125,2350,44.040000915527344,41020,1998,6661
56.70000076293945,4727.25244140625,3210,12.300000190734863,41025,1993,4909.9501953125
64.5,5108.49169921875,3266,13,41025,1994,4727.25244140625
76,5690.1669921875,3223,15.09000015258789,41025,1995,5108.49169921875
76.30000305175781,5828.73779296875,3181,13.029999732971191,41025,1996,5690.1669921875
80,5774,3342,13.670000076293945,41025,1997,5828.73779296875
90,5664.763671875,3335,13.739999771118164,41025,1998,5774
43.70000076293945,5098.2353515625,6907,28.600000381469727,41026,1993,5183.36083984375
44.5,5591.50830078125,6550,28.5,41026,1994,5098.2353515625
78.69999694824219,6171.45654296875,5825,29.84000015258789,41026,1995,5591.50830078125
80.5999984741211,6122.3232421875,5612,29.059999465942383,41026,1996,6171.45654296875
82,6097,5796,26.399999618530273,41026,1997,6122.3232421875
77,6344.18115234375,5677,29.100000381469727,41026,1998,6097
46.5,4822.77490234375,1816,12.5,41040,1993,4855.0390625
42.29999923706055,5447.4697265625,1891,13.199999809265137,41040,1994,4822.77490234375
77.0999984741211,5770.20654296875,2059,13.40999984741211,41040,1995,5447.4697265625
77.9000015258789,6068.10693359375,2112,12.949999809265137,41040,1996,5770.20654296875
75,6266,2184,11.4399995803833,41040,1997,6068.10693359375
91,6222.0830078125,2272,13.350000381469727,41040,1998,6266
54.5,6126.76806640625,2475,8.399999618530273,41050,1993,5756.4931640625
64,6538.04638671875,2516,8.800000190734863,41050,1994,6126.76806640625
78.5999984741211,6490.56103515625,2682,10,41050,1995,6538.04638671875
86.69999694824219,6874.1875,2747,8.619999885559082,41050,1996,6490.56103515625
85,6803,2854,8.239999771118164,41050,1997,6874.1875
93,6720.322265625,2927,7.960000038146973,41050,1998,6803
58.5,4127.4599609375,2746,24.299999237060547,41070,1993,4162.93310546875
46.599998474121094,4502.01416015625,2825,24.299999237060547,41070,1994,4127.4599609375
72.19999694824219,4939.271484375,2846,26.559999465942383,41070,1995,4502.01416015625
65.30000305175781,5193.4892578125,2894,30.40999984741211,41070,1996,4939.271484375
64,5336,3020,25.940000534057617,41070,1997,5193.4892578125
78,5641.1318359375,3069,26.709999084472656,41070,1998,5336
52,5021.59521484375,1882,11.899999618530273,41080,1993,4780.6806640625
46,5433.390625,1837,7.800000190734863,41080,1994,5021.59521484375
74.5999984741211,5617.5,1775,9.100000381469727,41080,1995,5433.390625
63.599998474121094,5905.458984375,1881,9.739999771118164,41080,1996,5617.5
79,5961,1968,10.470000267028809,41080,1997,5905.458984375
92,5864.650390625,2083,8.420000076293945,41080,1998,5961
75.9000015258789,5530.3076171875,2529,2.200000047683716,41090,1993,5367.541015625
86.30000305175781,5982.4697265625,2502,2.299999952316284,41090,1994,5530.3076171875
90.69999694824219,6662.22412109375,2524,2.2699999809265137,41090,1995,5982.4697265625
89.69999694824219,6480.353515625,2613,1.940000057220459,41090,1996,6662.22412109375
77,6617,2669,2.680000066757202,41090,1997,6480.353515625
91,6718.3525390625,2623,2.9600000381469727,41090,1998,6617
89,6027.9130859375,6086,2.5999999046325684,41110,1993,5929.23388671875
87.4000015258789,6704.828125,6344,2.4000000953674316,41110,1994,6027.9130859375
98.5999984741211,6446.32861328125,6733,2.759999990463257,41110,1995,6704.828125
97.19999694824219,6981.5966796875,6915,3.0999999046325684,41110,1996,6446.32861328125
97,6973,7244,2.7100000381469727,41110,1997,6981.5966796875
98,7063.96923828125,7545,2.5299999713897705,41110,1998,6973
40,4902.7470703125,2480,36.29999923706055,41120,1993,4474.0947265625
68.0999984741211,5535.1923828125,2188,40.70000076293945,41120,1994,4902.7470703125
90.0999984741211,6967.6376953125,1209,41.4900016784668,41120,1995,5535.1923828125
95.0999984741211,6823.0400390625,1251,39.130001068115234,41120,1996,6967.6376953125
91,7232,1235,45.65999984741211,41120,1997,6823.0400390625
98,6460.37109375,1246,47.939998626708984,41120,1998,7232
59.79999923706055,4401.8095703125,4769,10.699999809265137,41130,1993,4550.7412109375
69.69999694824219,4760.85009765625,4967,10.199999809265137,41130,1994,4401.8095703125
86.19999694824219,5193.08056640625,5137,9.970000267028809,41130,1995,4760.85009765625
89.69999694824219,5456.38623046875,5291,9.6899995803833,41130,1996,5193.08056640625
89,5598,5433,10.130000114440918,41130,1997,5456.38623046875
94,5750.4296875,5649,11.279999732971191,41130,1998,5598
43.79999923706055,4689.48779296875,1991,31.700000762939453,41140,1993,4856.18310546875
66.9000015258789,4916.8017578125,2046,29.600000381469727,41140,1994,4689.48779296875
67.9000015258789,5591.1708984375,2119,31.299999237060547,41140,1995,4916.8017578125
65.80000305175781,5537.19873046875,2235,28.3700008392334,41140,1996,5591.1708984375
75,5643,2280,30.309999465942383,41140,1997,5537.19873046875
73,5788.83154296875,2222,26.790000915527344,41140,1998,5643
42.900001525878906,5895.73681640625,2865,19.600000381469727,41145,1993,5809.1162109375
52.20000076293945,5993.2998046875,2969,20.5,41145,1994,5895.73681640625
67.4000015258789,6029.28125,2987,21.059999465942383,41145,1995,5993.2998046875
72.19999694824219,6135.62158203125,3021,20.81999969482422,41145,1996,6029.28125
65,6302,3143,21.729999542236328,41145,1997,6135.62158203125
68,6219.12890625,3188,21.15999984741211,41145,1998,6302
29,4212.98583984375,1744,23.799999237060547,41150,1993,4191.5322265625
44.099998474121094,4770.59716796875,1698,22.299999237060547,41150,1994,4212.98583984375
52.70000076293945,5315.24609375,1539,20.09000015258789,41150,1995,4770.59716796875
62.70000076293945,5095.28662109375,1520,19.479999542236328,41150,1996,5315.24609375
59,5484,1538,20.809999465942383,41150,1997,5095.28662109375
98,5380.1962890625,1520,22.3799991607666,41150,1998,5484
58,5671.3701171875,7563,19.100000381469727,41160,1993,5584.896484375
61.099998474121094,6186.07275390625,7839,20.600000381469727,41160,1994,5671.3701171875
80.80000305175781,6039.81298828125,8028,21.010000228881836,41160,1995,6186.07275390625
77.5999984741211,6077.3134765625,8246,22.040000915527344,41160,1996,6039.81298828125
71,6472,8319,23.639999389648438,41160,1997,6077.3134765625
82,6365.84375,8453,23.780000686645508,41160,1998,6472
48,4713.923828125,3376,14.100000381469727,41170,1993,4652.55517578125
71.80000305175781,4621.1435546875,3390,12.199999809265137,41170,1994,4713.923828125
72.5,5512.18505859375,3274,13.829999923706055,41170,1995,4621.1435546875
72.0999984741211,5700.8701171875,3388,14.850000381469727,41170,1996,5512.18505859375
83,5728,3506,15.34000015258789,41170,1997,5700.8701171875
93,5754.3681640625,3556,16.959999084472656,41170,1998,5728
51.70000076293945,4484.00341796875,5926,9.300000190734863,41210,1993,4437.4873046875
65.80000305175781,4933.04638671875,6048,6.900000095367432,41210,1994,4484.00341796875
87.5,5300.501953125,6306,9.5600004196167,41210,1995,4933.04638671875
85.9000015258789,5300.8984375,6520,6.300000190734863,41210,1996,5300.501953125
77,5379,6860,7.449999809265137,41210,1997,5300.8984375
93,5468.81591796875,7024,6.03000020980835,41210,1998,5379
37.5,4184.10693359375,3272,26.299999237060547,41240,1993,4199.5400390625
40.70000076293945,4757.60107421875,3170,23.100000381469727,41240,1994,4184.10693359375
67,4882.4013671875,2953,24.809999465942383,41240,1995,4757.60107421875
65.5999984741211,5028.79541015625,2987,26.760000228881836,41240,1996,4882.4013671875
49,5163,3114,24.75,41240,1997,5028.79541015625
74,5193.1103515625,3095,25.139999389648438,41240,1998,5163
20,5585.84423828125,850,74.4000015258789,43040,1993,5437.32373046875
36.5,5899.0791015625,893,64.9000015258789,43040,1994,5585.84423828125
46.599998474121094,7015.029296875,848,76.3499984741211,43040,1995,5899.0791015625
28.299999237060547,7641.39599609375,814,80.58000183105469,43040,1996,7015.029296875
50,7453,792,79.80999755859375,43040,1997,7641.39599609375
53,7066.92333984375,792,78.48999786376953,43040,1998,7453
47.099998474121094,4487.33544921875,7994,18.899999618530273,44010,1993,4527.86181640625
63.599998474121094,4721.8623046875,7959,19.200000762939453,44010,1994,4487.33544921875
68.19999694824219,5381.59423828125,7796,18.5,44010,1995,4721.8623046875
65.4000015258789,5541.29052734375,7868,16.3700008392334,44010,1996,5381.59423828125
66,5411,7894,15.630000114440918,44010,1997,5541.29052734375
77,5664.763671875,7555,18.100000381469727,44010,1998,5411
40.400001525878906,4300.7333984375,1313,15.300000190734863,44020,1993,4271.61083984375
55.20000076293945,4274.5849609375,1311,11.100000381469727,44020,1994,4300.7333984375
68.19999694824219,4609.6357421875,1356,10.770000457763672,44020,1995,4274.5849609375
60.70000076293945,4586.88330078125,1421,10.989999771118164,44020,1996,4609.6357421875
68,4768,1426,10.390000343322754,44020,1997,4586.88330078125
71,4857.34033203125,1489,9.1899995803833,44020,1998,4768
66,4618.4013671875,734,10.199999809265137,44050,1993,4342.53759765625
52.599998474121094,5554.68603515625,746,7.699999809265137,44050,1994,4618.4013671875
92.19999694824219,4949.80322265625,791,9.329999923706055,44050,1995,5554.68603515625
68.5999984741211,5153.5947265625,818,8.569999694824219,44050,1996,4949.80322265625
61,5395,848,8.5600004196167,44050,1997,5153.5947265625
72,5476.693359375,843,8.670000076293945,44050,1998,5395
59.20000076293945,4219.650390625,2255,20,44060,1993,4085.142578125
65,4584.32177734375,2273,22.200000762939453,44060,1994,4219.650390625
73.4000015258789,4950.85595703125,2155,26.229999542236328,44060,1995,4584.32177734375
74.19999694824219,4906.0419921875,2213,25.170000076293945,44060,1996,4950.85595703125
84,4930,2213,25.600000381469727,44060,1997,4906.0419921875
93,5392.9970703125,2207,23.260000228881836,44060,1998,4930
42.5,4025.273193359375,2428,20.200000762939453,44090,1993,3969.600830078125
54.5,4343.89697265625,2427,20.700000762939453,44090,1994,4025.273193359375
66.5,5110.93505859375,2399,19.760000228881836,44090,1995,4343.89697265625
71.4000015258789,5006.29052734375,2459,19.860000610351562,44090,1996,5110.93505859375
68,4999,2572,21.139999389648438,44090,1997,5006.29052734375
85,5336.87109375,2612,19.270000457763672,44090,1998,4999
69,5056.02734375,757,22.299999237060547,45010,1993,4646.83544921875
59.5,4915.71875,806,22.200000762939453,45010,1994,5056.02734375
65,5565.8955078125,818,21.299999237060547,45010,1995,4915.71875
64.4000015258789,5495.25830078125,853,18.690000534057617,45010,1996,5565.8955078125
80,5456,855,19.049999237060547,45010,1997,5495.25830078125
94,5388.07373046875,903,15.989999771118164,45010,1998,5456
45,5653.5986328125,390,28.700000762939453,45020,1993,5574.60107421875
60.900001525878906,6177.40869140625,390,23.299999237060547,45020,1994,5653.5986328125
45.5,6580.07861328125,392,23.729999542236328,45020,1995,6177.40869140625
84.5999984741211,6943.74755859375,422,22.559999465942383,45020,1996,6580.07861328125
85,7009,422,22.770000457763672,45020,1997,6943.74755859375
79,7031.4755859375,437,25.290000915527344,45020,1998,7009
42.099998474121094,7289.69873046875,282,35.900001525878906,45040,1993,7255.103515625
66.69999694824219,7051.38671875,299,34.79999923706055,45040,1994,7289.69873046875
83.30000305175781,7749.07470703125,306,26.799999237060547,45040,1995,7051.38671875
66.69999694824219,9295.4970703125,287,29.170000076293945,45040,1996,7749.07470703125
58,8610,319,30.100000381469727,45040,1997,9295.4970703125
100,7595.68701171875,320,37.689998626708984,45040,1998,8610
51.900001525878906,4016.387451171875,967,22.600000381469727,45050,1993,4089.718505859375
50,4638.4716796875,982,23.5,45050,1994,4016.387451171875
63.5,5041.42724609375,989,21.09000015258789,45050,1995,4638.4716796875
63.099998474121094,5348.97705078125,999,20.020000457763672,45050,1996,5041.42724609375
67,5791,995,15.979999542236328,45050,1997,5348.97705078125
70,5587.9599609375,1072,18.389999389648438,45050,1998,5791
39.70000076293945,4927.18310546875,5045,32.400001525878906,46010,1993,4839.0234375
31.5,5546.0224609375,5036,32.20000076293945,46010,1994,4927.18310546875
58.79999923706055,6335.748046875,4782,35.59000015258789,46010,1995,5546.0224609375
57.5,6440.458984375,4781,32.29999923706055,46010,1996,6335.748046875
55,5855,4722,30.110000610351562,46010,1997,6440.458984375
68,6492.865234375,4565,31.790000915527344,46010,1998,5855
45.20000076293945,4791.6748046875,1165,18.5,46020,1993,4348.25732421875
38.29999923706055,4939.54443359375,1188,19.799999237060547,46020,1994,4791.6748046875
71.80000305175781,5397.3916015625,1234,20.690000534057617,46020,1995,4939.54443359375
48.5,5830.78369140625,1259,17.059999465942383,46020,1996,5397.3916015625
60,5532,1295,17.950000762939453,46020,1997,5830.78369140625
70,5728.76708984375,1298,16.329999923706055,46020,1998,5532
46.29999923706055,4368.48779296875,1551,18.299999237060547,46040,1993,4134.33349609375
53,4409.95947265625,1591,17,46040,1994,4368.48779296875
57.599998474121094,5173.07080078125,1577,20.299999237060547,46040,1995,4409.95947265625
66.30000305175781,5252.8203125,1602,18.8700008392334,46040,1996,5173.07080078125
60,5339,1610,21.450000762939453,46040,1997,5252.8203125
77,5591.89892578125,1566,18.670000076293945,46040,1998,5339
28.600000381469727,4762.7958984375,444,9.100000381469727,46050,1993,4427.19189453125
37.79999923706055,5131.23486328125,444,11,46050,1994,4762.7958984375
81.30000305175781,5527.98193359375,442,9.279999732971191,46050,1995,5131.23486328125
66.69999694824219,5434.904296875,453,7.110000133514404,46050,1996,5527.98193359375
63,5534,478,12.760000228881836,46050,1997,5434.904296875
62,5442.22998046875,488,14,46050,1998,5534
47.20000076293945,3983.065673828125,1148,3.4000000953674316,46060,1993,3872.36279296875
48,4418.62353515625,1142,3.4000000953674316,46060,1994,3983.065673828125
62.900001525878906,4549.60595703125,1215,5.53000020980835,46060,1995,4418.62353515625
74.4000015258789,4588.92919921875,1223,3.359999895095825,46060,1996,4549.60595703125
62,4796,1225,3.8499999046325684,46060,1997,4588.92919921875
63,4688.96337890625,1250,6.489999771118164,46060,1998,4796
22.200000762939453,4205.2109375,412,16.399999618530273,46070,1993,3920.409912109375
37.5,4791.17431640625,406,22.5,46070,1994,4205.2109375
42.900001525878906,5383.70068359375,410,22.110000610351562,46070,1995,4791.17431640625
50,5280.43994140625,420,18.809999465942383,46070,1996,5383.70068359375
46,5485,411,12.170000076293945,46070,1997,5280.43994140625
27,5849.88037109375,411,16.020000457763672,46070,1998,5485
27.100000381469727,3960.85107421875,1285,24.899999618530273,46080,1993,3961.593017578125
25.299999237060547,4301.66015625,1247,20.600000381469727,46080,1994,3960.85107421875
51.29999923706055,4783.4052734375,1261,20.540000915527344,46080,1995,4301.66015625
40,5061.52978515625,1221,19.170000076293945,46080,1996,4783.4052734375
37,5227,1261,22.540000915527344,46080,1997,5061.52978515625
77,5395.951171875,1232,24.510000228881836,46080,1998,5227
52.5,5520.31103515625,624,38.099998474121094,46090,1993,5399.572265625
41.70000076293945,6105.93115234375,621,40.900001525878906,46090,1994,5520.31103515625
59.5,6869.69482421875,635,39.290000915527344,46090,1995,6105.93115234375
40,6771.89306640625,682,36.400001525878906,46090,1996,6869.69482421875
61,5988,812,45.09000015258789,46090,1997,6771.89306640625
81,6252.607421875,871,43.16999816894531,46090,1998,5988
21.100000381469727,4229.64697265625,1047,28.299999237060547,46100,1993,3932.99365234375
33.79999923706055,4525.84033203125,1012,28,46100,1994,4229.64697265625
50,5156.22021484375,985,28.639999389648438,46100,1995,4525.84033203125
53.79999923706055,5277.37109375,997,28.479999542236328,46100,1996,5156.22021484375
53,5420,1023,27.59000015258789,46100,1997,5277.37109375
59,5759.29150390625,980,26.84000015258789,46100,1998,5420
30.5,4120.7958984375,1647,14.800000190734863,46110,1993,3916.97802734375
57.400001525878906,4505.26318359375,1637,12.399999618530273,46110,1994,4120.7958984375
62.5,4922.4208984375,1667,10.739999771118164,46110,1995,4505.26318359375
70.80000305175781,4989.92333984375,1699,10.579999923706055,46110,1996,4922.4208984375
64,5229,1746,10.279999732971191,46110,1997,4989.92333984375
83,5106.4599609375,1781,10.300000190734863,46110,1998,5229
35.29999923706055,4813.88916015625,914,25.899999618530273,46130,1993,4603.3642578125
50,5382.48974609375,912,23.5,46130,1994,4813.88916015625
45.29999923706055,5800.748046875,922,20.43000030517578,46130,1995,5382.48974609375
64.9000015258789,5826.6923828125,940,21.540000915527344,46130,1996,5800.748046875
72,5850,983,21.079999923706055,46130,1997,5826.6923828125
80,5970.00927734375,977,21.889999389648438,46130,1998,5850
50,4722.8095703125,3084,12.600000381469727,46140,1993,4594.21240234375
48.099998474121094,4900.556640625,3053,10.899999618530273,46140,1994,4722.8095703125
61.900001525878906,5398.44482421875,3055,11.920000076293945,46140,1995,4900.556640625
58.20000076293945,5199.626953125,3106,11.1899995803833,46140,1996,5398.44482421875
58,5287,3160,11.350000381469727,46140,1997,5199.626953125
76,5423.521484375,3176,12.619999885559082,46140,1998,5287
61.099998474121094,5319.26953125,5900,5.599999904632568,47010,1993,5294.32666015625
58.29999923706055,5662.98583984375,6154,5.699999809265137,47010,1994,5319.26953125
78.80000305175781,5687.0078125,6410,5.139999866485596,47010,1995,5662.98583984375
78.0999984741211,5749.97119140625,6550,6.21999979019165,47010,1996,5687.0078125
71,5982,6673,4.730000019073486,47010,1997,5749.97119140625
83,6097.03076171875,6663,4.480000019073486,47010,1998,5982
32.70000076293945,4417.35986328125,2670,14.800000190734863,47030,1993,4317.3701171875
67.4000015258789,4457.611328125,2779,15.699999809265137,47030,1994,4417.35986328125
67.80000305175781,5346.84033203125,2508,15.430000305175781,47030,1995,4457.611328125
65.30000305175781,5315.2197265625,2652,16.3700008392334,47030,1996,5346.84033203125
57,5374,2818,17.90999984741211,47030,1997,5315.2197265625
65,5597.806640625,2919,18.850000381469727,47030,1998,5374
58.599998474121094,4969.390625,3358,3.5999999046325684,47060,1993,4931.685546875
76.0999984741211,5083.5830078125,3383,3.799999952316284,47060,1994,4969.390625
86.30000305175781,5620.6591796875,3575,4.869999885559082,47060,1995,5083.5830078125
83,5535.15283203125,3719,3.890000104904175,47060,1996,5620.6591796875
80,5701,3792,3.0999999046325684,47060,1997,5535.15283203125
95,5574.1748046875,3969,3.009999990463257,47060,1998,5701
55.400001525878906,4839.43603515625,5805,8,47070,1993,4913.3818359375
66.5,5241.7001953125,5949,8.300000190734863,47070,1994,4839.43603515625
75.30000305175781,5442.6767578125,6098,9.6899995803833,47070,1995,5241.7001953125
75,5552.54296875,6251,9.170000076293945,47070,1996,5442.6767578125
78,5517,6512,9.649999618530273,47070,1997,5552.54296875
81,5551.52783203125,6705,10.050000190734863,47070,1998,5517
43.5,4540.650390625,3691,6.300000190734863,47080,1993,4647.9794921875
64.80000305175781,4809.5849609375,3854,5.800000190734863,47080,1994,4540.650390625
69.69999694824219,5107.775390625,3951,6.03000020980835,47080,1995,4809.5849609375
70,4995.0380859375,4142,6.329999923706055,47080,1996,5107.775390625
62,5308,4415,3.450000047683716,47080,1997,4995.0380859375
76,5337.85595703125,4520,4.400000095367432,47080,1998,5308
28.899999618530273,4464.01025390625,1244,42.29999923706055,48040,1993,4202.97216796875
34.5,4548.5830078125,1233,46.900001525878906,48040,1994,4464.01025390625
40.5,5296.2890625,1245,45.38999938964844,48040,1995,4548.5830078125
38.79999923706055,5393.98681640625,1276,42.40999984741211,48040,1996,5296.2890625
32,5705,1260,41.66999816894531,48040,1997,5393.98681640625
67,6205.34375,1230,43.5099983215332,48040,1998,5705
50.900001525878906,4597.29736328125,1083,39.599998474121094,49010,1993,4192.67626953125
40,4780.34423828125,1047,42.20000076293945,49010,1994,4597.29736328125
52.5,5323.6708984375,893,37.29999923706055,49010,1995,4780.34423828125
50.79999923706055,5781.6826171875,878,41.459999084472656,49010,1996,5323.6708984375
55,5805,864,38.81999969482422,49010,1997,5781.6826171875
64,5919.79150390625,872,44,49010,1998,5805
36.70000076293945,4806.11376953125,434,38.70000076293945,49040,1993,4688.0185546875
48.29999923706055,5508.11767578125,407,40.5,49040,1994,4806.11376953125
46.70000076293945,5741.771484375,433,41.79999923706055,49040,1995,5508.11767578125
60.5,6056.8544921875,438,46.400001525878906,49040,1996,5741.771484375
63,6816,439,43.7400016784668,49040,1997,6056.8544921875
97,6651.3955078125,440,50.45000076293945,49040,1998,6816
22.600000381469727,5347.0380859375,358,46.20000076293945,49055,1993,5215.39208984375
45.5,5586.09326171875,362,50.599998474121094,49055,1994,5347.0380859375
47.79999923706055,6183.041015625,371,53.869998931884766,49055,1995,5586.09326171875
43.79999923706055,6793.37451171875,343,49.41999816894531,49055,1996,6183.041015625
50,7023,334,46.54999923706055,49055,1997,6793.37451171875
60,6642.53369140625,339,45.720001220703125,49055,1998,7023
42.900001525878906,3609.861572265625,171,42.400001525878906,49070,1993,3844.907470703125
36.400001525878906,3694.09912109375,174,44.400001525878906,49070,1994,3609.861572265625
58.79999923706055,6382.08642578125,123,34.58000183105469,49070,1995,3694.09912109375
36.400001525878906,6643.001953125,124,31.479999542236328,49070,1996,6382.08642578125
77,6330,129,34.81999969482422,49070,1997,6643.001953125
71,6525.35888671875,129,44.83000183105469,49070,1998,6330
42.900001525878906,10358.63671875,70,6.900000095367432,49110,1993,8995.0927734375
75,8531.841796875,88,10.199999809265137,49110,1994,10358.63671875
80,8954.9306640625,89,11.239999771118164,49110,1995,8531.841796875
81.80000305175781,7926.79736328125,101,12,49110,1996,8954.9306640625
100,8947,95,13.329999923706055,49110,1997,7926.79736328125
100,9525.6259765625,93,16.469999313354492,49110,1998,8947
43.599998474121094,5956.82666015625,5669,18.399999618530273,50000,1993,5750.7734375
52.900001525878906,2794.129638671875,520,16.200000762939453,50000,1994,5956.82666015625
68.5999984741211,6584.291015625,5503,15.989999771118164,50000,1995,2794.129638671875
74,4384.34033203125,566,15,50000,1996,6584.291015625
71,4444,586,16.469999313354492,50000,1997,4384.34033203125
84,6598.22412109375,5543,16.81999969482422,50000,1998,4444
35.70000076293945,8240.48046875,2517,28.100000381469727,50010,1993,7739.005859375
37.29999923706055,7937.27734375,2554,28.700000762939453,50010,1994,8240.48046875
63.400001525878906,8344.1044921875,2603,27.860000610351562,50010,1995,7937.27734375
62.400001525878906,8068.98681640625,2675,27.8799991607666,50010,1996,8344.1044921875
52,8280,2708,31.09000015258789,50010,1997,8068.98681640625
78,8235.7177734375,2712,31.989999771118164,50010,1998,8280
43.70000076293945,5255.95849609375,9044,18.899999618530273,50020,1993,4788.6884765625
50.29999923706055,5768.03662109375,8370,19.200000762939453,50020,1994,5255.95849609375
62.79999923706055,6430.53125,6786,24.93000030517578,50020,1995,5768.03662109375
74,6338.16455078125,6784,26.34000015258789,50020,1996,6430.53125
72,6517,6836,27.3799991607666,50020,1997,6338.16455078125
90,6953.68701171875,6860,29.209999084472656,50020,1998,6517
44.599998474121094,5401.46337890625,6220,25.899999618530273,50030,1993,5392.70849609375
44.099998474121094,5914.24072265625,6142,26.700000762939453,50030,1994,5401.46337890625
73.69999694824219,6526.36767578125,6278,25.959999084472656,50030,1995,5914.24072265625
82.5999984741211,6596.96923828125,6293,25.760000228881836,50030,1996,6526.36767578125
72,6699,6333,26.049999237060547,50030,1997,6596.96923828125
83,6569.6689453125,6329,27.100000381469727,50030,1998,6699
44.599998474121094,4998.26953125,4350,15.300000190734863,50040,1993,4655.9873046875
54.099998474121094,5022.93505859375,4513,15.100000381469727,50040,1994,4998.26953125
68.30000305175781,5794.4287109375,4410,18.760000228881836,50040,1995,5022.93505859375
64.4000015258789,5867.60986328125,4519,16.700000762939453,50040,1996,5794.4287109375
58,5851,4644,16.709999084472656,50040,1997,5867.60986328125
65,5656.88671875,4830,17.760000228881836,50040,1998,5851
46.79999923706055,4802.78173828125,1743,5.199999809265137,50050,1993,4682.298828125
49.5,5129.06884765625,1677,4,50050,1994,4802.78173828125
71.5999984741211,5974.517578125,1639,5.039999961853027,50050,1995,5129.06884765625
69.80000305175781,5807.25634765625,1680,4.96999979019165,50050,1996,5974.517578125
65,5882,1711,6.46999979019165,50050,1997,5807.25634765625
75,5756.33740234375,1761,6.46999979019165,50050,1998,5882
24.200000762939453,5952.3837890625,4274,29,50070,1993,5016.33984375
66.69999694824219,5918.57275390625,4151,34.29999923706055,50070,1994,5952.3837890625
73.9000015258789,6641.1611328125,2761,31.56999969482422,50070,1995,5918.57275390625
83.9000015258789,5984.2255859375,2955,28.639999389648438,50070,1996,6641.1611328125
70,6468,2887,31.799999237060547,50070,1997,5984.2255859375
88,6342.2119140625,3034,30.049999237060547,50070,1998,6468
54.5,5373.6953125,9502,5.199999809265137,50080,1993,5099.85009765625
57.70000076293945,5113.90673828125,9583,5.199999809265137,50080,1994,5373.6953125
70.19999694824219,5642.775390625,9736,5.75,50080,1995,5113.90673828125
72.80000305175781,5924.89501953125,9980,3.109999895095825,50080,1996,5642.775390625
68,5810,10248,6.579999923706055,50080,1997,5924.89501953125
84,5727.7822265625,10795,6.639999866485596,50080,1998,5810
26.399999618530273,6015.6953125,2928,29.799999237060547,50090,1993,6182.052734375
45.70000076293945,6401.5888671875,2903,30.100000381469727,50090,1994,6015.6953125
65.30000305175781,6990.806640625,3080,30.450000762939453,50090,1995,6401.5888671875
65.5999984741211,7048.087890625,3101,30.84000015258789,50090,1996,6990.806640625
47,7099,3160,30.170000076293945,50090,1997,7048.087890625
76,7123.04931640625,3171,37.220001220703125,50090,1998,7099
60.099998474121094,6434.439453125,4521,13.100000381469727,50100,1993,6177.47705078125
70.5999984741211,6584.615234375,4516,14.600000381469727,50100,1994,6434.439453125
74.9000015258789,6995.01953125,4654,12.970000267028809,50100,1995,6584.615234375
79.5999984741211,7132.9921875,4778,15.140000343322754,50100,1996,6995.01953125
79,7082,4851,14.289999961853027,50100,1997,7132.9921875
89,7249.0859375,4781,12.630000114440918,50100,1998,7082
43.599998474121094,5896.84765625,3107,11.5,50120,1993,5958.97705078125
38.79999923706055,6799.048828125,2955,14.600000381469727,50120,1994,5896.84765625
65.9000015258789,6421.052734375,3230,13.850000381469727,50120,1995,6799.048828125
69.5,6471.14697265625,3250,14.699999809265137,50120,1996,6421.052734375
68,6630,3355,9.130000114440918,50120,1997,6471.14697265625
85,5985.763671875,3348,8.5,50120,1998,6630
51.5,6177.861328125,2674,9.5,50130,1993,6325.0498046875
74.80000305175781,6523.9677734375,2685,9.800000190734863,50130,1994,6177.861328125
79.69999694824219,6929.72412109375,2761,10.520000457763672,50130,1995,6523.9677734375
80.4000015258789,6889.53173828125,2806,8.739999771118164,50130,1996,6929.72412109375
83,6820,2809,8.720000267028809,50130,1997,6889.53173828125
86,7111.23291015625,2795,8.180000305175781,50130,1998,6820
57.29999923706055,5979.04150390625,8201,14.899999618530273,50140,1993,6135.14990234375
74.5,6216.39697265625,8432,15.300000190734863,50140,1994,5979.04150390625
78.5,6079.83251953125,9172,14.579999923706055,50140,1995,6216.39697265625
71.19999694824219,6227.6865234375,9237,14.4399995803833,50140,1996,6079.83251953125
75,6554,9727,12.649999618530273,50140,1997,6227.6865234375
88,6178.7578125,9991,13.619999885559082,50140,1998,6554
39.900001525878906,6588.830078125,4709,51.5,50160,1993,5158.193359375
48.20000076293945,6248.88671875,4617,50.5,50160,1994,6588.830078125
70.0999984741211,7416.279296875,3132,42.529998779296875,50160,1995,6248.88671875
60.79999923706055,7651.625,3162,41.29999923706055,50160,1996,7416.279296875
51,7227,3198,41.119998931884766,50160,1997,7651.625
65,7302.2578125,3378,41.13999938964844,50160,1998,7227
43.5,5161.54638671875,1072,25.200000762939453,50170,1993,5311.486328125
33.29999923706055,5388.98779296875,1016,30.700000762939453,50170,1994,5161.54638671875
40.20000076293945,5981.8896484375,1029,29.34000015258789,50170,1995,5388.98779296875
36.20000076293945,5669.15869140625,1089,29.110000610351562,50170,1996,5981.8896484375
33,6313,1109,32.33000183105469,50170,1997,5669.15869140625
49,6497.78857421875,1127,31.290000915527344,50170,1998,6313
28.899999618530273,4785.01025390625,1789,9.5,50180,1993,4617.091796875
35.099998474121094,4949.29150390625,1810,9.699999809265137,50180,1994,4785.01025390625
65.69999694824219,5396.33837890625,1753,11.829999923706055,50180,1995,4949.29150390625
44.29999923706055,5466.61572265625,1754,10.770000457763672,50180,1996,5396.33837890625
58,5536,1768,9.5600004196167,50180,1997,5466.61572265625
78,5473.7392578125,1774,10.079999923706055,50180,1998,5536
51.099998474121094,5613.6123046875,4242,10.199999809265137,50190,1993,5554.00927734375
60,5783.1982421875,4381,10.899999618530273,50190,1994,5613.6123046875
70.19999694824219,6168.296875,4499,9.279999732971191,50190,1995,5783.1982421875
79.19999694824219,6076.29052734375,4745,8.770000457763672,50190,1996,6168.296875
74,6158,4903,10.289999961853027,50190,1997,6076.29052734375
85,6118.693359375,5013,11.399999618530273,50190,1998,6158
36.20000076293945,6547.7333984375,2170,15.300000190734863,50200,1993,6559.5654296875
46.599998474121094,6611.6904296875,2189,16.299999237060547,50200,1994,6547.7333984375
73.69999694824219,7165.6298828125,2248,16.649999618530273,50200,1995,6611.6904296875
70.0999984741211,7026.60595703125,2306,16.18000030517578,50200,1996,7165.6298828125
78,7518,2278,16.15999984741211,50200,1997,7026.60595703125
80,7235.30078125,2301,15.119999885559082,50200,1998,7518
44.900001525878906,5640.26953125,23035,6.199999809265137,50210,1993,5411.01220703125
56.20000076293945,5915.32373046875,23310,6.300000190734863,50210,1994,5640.26953125
70.19999694824219,6073.513671875,24649,7.170000076293945,50210,1995,5915.32373046875
77.80000305175781,6111.07080078125,25028,6.75,50210,1996,6073.513671875
76,6125,25635,7.119999885559082,50210,1997,6111.07080078125
87,6064.53662109375,26081,6.760000228881836,50210,1998,6125
40.20000076293945,5289.2802734375,6931,45.099998474121094,50220,1993,4500.40625
43,5603.4208984375,6360,44.20000076293945,50220,1994,5289.2802734375
46.599998474121094,6987.6474609375,4392,47.09000015258789,50220,1995,5603.4208984375
60.5,7141.17578125,4384,52.790000915527344,50220,1996,6987.6474609375
69,7018,4538,53.7599983215332,50220,1997,7141.17578125
85,7274.68701171875,4476,56.29999923706055,50220,1998,7018
41.70000076293945,7595.1484375,13684,9.199999809265137,50230,1993,7971.23291015625
57.400001525878906,7766.1640625,13531,9.600000381469727,50230,1994,7595.1484375
64.30000305175781,8236.6826171875,13973,10.640000343322754,50230,1995,7766.1640625
83.19999694824219,8355.4111328125,14063,11.850000381469727,50230,1996,8236.6826171875
76,8332,14132,13.510000228881836,50230,1997,8355.4111328125
89,8051.5859375,14373,14.010000228881836,50230,1998,8332
55.29999923706055,7350.78857421875,2331,8.199999809265137,50240,1993,7522.7939453125
66.80000305175781,7417.439453125,2430,8,50240,1994,7350.78857421875
69.30000305175781,6617.99169921875,2784,10.859999656677246,50240,1995,7417.439453125
73.30000305175781,7228.1259765625,2849,11.050000190734863,50240,1996,6617.99169921875
80,7084,2895,13.229999542236328,50240,1997,7228.1259765625
89,6802.04931640625,2953,13.5,50240,1998,7084
70.4000015258789,4379.59521484375,519,35.099998474121094,51020,1993,4146.91748046875
63.20000076293945,4699.11962890625,514,40.70000076293945,51020,1994,4379.59521484375
84.19999694824219,5199.3994140625,386,42.709999084472656,51020,1995,4699.11962890625
57.900001525878906,5193.4892578125,382,36.38999938964844,51020,1996,5199.3994140625
69,6040,369,31.209999084472656,51020,1997,5193.4892578125
81,5822.31005859375,330,37.959999084472656,51020,1998,6040
41.70000076293945,4165.224609375,820,55.900001525878906,51045,1993,4221.27587890625
54.29999923706055,4744.60546875,843,58.900001525878906,51045,1994,4165.224609375
75.4000015258789,5395.28515625,842,60.47999954223633,51045,1995,4744.60546875
72.0999984741211,5623.1259765625,871,59.04999923706055,51045,1996,5395.28515625
84,5435,887,54.38999938964844,51045,1997,5623.1259765625
91,5763.22998046875,925,53.459999084472656,51045,1998,5435
55.599998474121094,6236.72998046875,450,31.100000381469727,51060,1993,5950.96923828125
48.70000076293945,5959.7265625,483,34.599998474121094,51060,1994,6236.72998046875
63,6422.10595703125,506,33.38999938964844,51060,1995,5959.7265625
64.30000305175781,6941.70166015625,524,35.060001373291016,51060,1996,6422.10595703125
50,6738,527,34.68000030517578,51060,1997,6941.70166015625
97,6901.5,519,32.369998931884766,51060,1998,6738
39.400001525878906,3818.677978515625,2031,24.299999237060547,51070,1993,3833.467529296875
56.400001525878906,4070.981689453125,2032,29.200000762939453,51070,1994,3818.677978515625
65,4760.23583984375,2054,27.399999618530273,51070,1995,4070.981689453125
77.9000015258789,5219.06298828125,2025,34.0099983215332,51070,1996,4760.23583984375
67,5556,1934,34.060001373291016,51070,1997,5219.06298828125
72,5616.51513671875,1858,33.7400016784668,51070,1998,5556
59.29999923706055,5209.3076171875,1696,20.700000762939453,52015,1993,5018.6279296875
53.79999923706055,5440.9716796875,1692,20.399999618530273,52015,1994,5209.3076171875
75.5999984741211,5801.80078125,1595,22.079999923706055,52015,1995,5440.9716796875
81.80000305175781,6044.5791015625,1513,20.3700008392334,52015,1996,5801.80078125
62,6337,1501,9.399999618530273,52015,1997,6044.5791015625
86,6203.3740234375,1411,20.81999969482422,52015,1998,6337
39.599998474121094,4587.30078125,3005,30.799999237060547,52040,1993,4288.7705078125
44.099998474121094,5133.40087890625,2885,32.70000076293945,52040,1994,4587.30078125
60.5,5778.6318359375,2324,33.630001068115234,52040,1995,5133.40087890625
58.5,7667.9921875,1486,37.189998626708984,52040,1996,5778.6318359375
53,7815,1371,34.31999969482422,52040,1997,7667.9921875
89,7184.09814453125,1353,38.7400016784668,52040,1998,7815
53.20000076293945,4456.2353515625,1703,20.299999237060547,52090,1993,4411.17626953125
57.79999923706055,4930.88037109375,1755,24.5,52090,1994,4456.2353515625
78,5637.509765625,1707,24.790000915527344,52090,1995,4930.88037109375
64.69999694824219,5815.43994140625,1665,26.700000762939453,52090,1996,5637.509765625
65,6012,1625,23.90999984741211,52090,1997,5815.43994140625
84,5680.5185546875,1618,25.969999313354492,52090,1998,6012
28.600000381469727,5091.57080078125,116,52,52100,1993,4645.69140625
42.900001525878906,5330.505859375,113,46.70000076293945,52100,1994,5091.57080078125
45.5,8263.01171875,83,55.31999969482422,52100,1995,5330.505859375
42.900001525878906,8776.8642578125,86,50.529998779296875,52100,1996,8263.01171875
38,8034,89,43.75,52100,1997,8776.8642578125
75,9126.837890625,79,57.650001525878906,52100,1998,8034
52.900001525878906,7157.5224609375,226,35.400001525878906,52110,1993,7440.427734375
10.5,8123.552734375,220,45.29999923706055,52110,1994,7157.5224609375
50,8131.36767578125,223,33.939998626708984,52110,1995,8123.552734375
100,7939.07275390625,228,36.4900016784668,52110,1996,8131.36767578125
44,8110,233,30.600000381469727,52110,1997,7939.07275390625
93,8345.015625,234,38.459999084472656,52110,1998,8110
62.5,5093.7919921875,64,74,52160,1993,5096.41845703125
80,6222.89453125,63,66.69999694824219,52160,1994,5093.7919921875
50,10170.265625,40,68.089996337890625,52160,1995,6222.89453125
80,8802.4375,48,57.689998626708984,52160,1996,10170.265625
75,8532,47,66,52160,1997,8802.4375
100,9122.8984375,46,60.779998779296875,52160,1998,8532
56.5,4502.8857421875,5014,19,52170,1993,4387.15234375
53,4742.439453125,4838,17.799999237060547,52170,1994,4502.8857421875
65.80000305175781,4923.47412109375,4822,20.09000015258789,52170,1995,4742.439453125
75.19999694824219,5206.78759765625,4740,19.5,52170,1996,4923.47412109375
71,5970,4643,20.229999542236328,52170,1997,5206.78759765625
89,5971.978515625,4498,19.760000228881836,52170,1998,5970
59.599998474121094,4179.6640625,1440,27.899999618530273,52180,1993,3979.896728515625
78.0999984741211,4461.943359375,1474,31.5,52180,1994,4179.6640625
81.4000015258789,4832.9033203125,1386,34.52000045776367,52180,1995,4461.943359375
85.9000015258789,4810.908203125,1363,25.6299991607666,52180,1996,4832.9033203125
92,5284,1300,33,52180,1997,4810.908203125
94,5195.07958984375,1265,31.739999771118164,52180,1998,5284
39.400001525878906,3648.73681640625,1904,38.70000076293945,53010,1993,3693.90234375
49,4076.396728515625,1879,47,53010,1994,3648.73681640625
59.20000076293945,4945.59033203125,1584,45.470001220703125,53010,1995,4076.396728515625
54.70000076293945,5317.265625,1657,43.959999084472656,53010,1996,4945.59033203125
65,5701,1672,40.33000183105469,53010,1997,5317.265625
74,5556.451171875,1709,39.31999969482422,53010,1998,5701
52.599998474121094,4525.10009765625,626,49.70000076293945,53020,1993,4232.7158203125
46.29999923706055,4777.09521484375,623,49,53020,1994,4525.10009765625
55.79999923706055,5282.59814453125,627,43.310001373291016,53020,1995,4777.09521484375
52.900001525878906,5185.30615234375,652,51.22999954223633,53020,1996,5282.59814453125
60,5347,673,47.40999984741211,53020,1997,5185.30615234375
77,5491.46337890625,667,51.97999954223633,53020,1998,5347
25,4247.41845703125,212,42.70000076293945,53030,1993,4138.90966796875
53.29999923706055,4560.49609375,207,48.5,53030,1994,4247.41845703125
36.400001525878906,5246.791015625,200,52.47999954223633,53030,1995,4560.49609375
54.5,6078.33642578125,173,47.060001373291016,53030,1996,5246.791015625
10,6238,179,52.5099983215332,53030,1997,6078.33642578125
50,5987.73291015625,171,49.41999816894531,53030,1998,6238
43.5,4864.982421875,2692,27.899999618530273,53040,1993,5058.6669921875
51.900001525878906,5031.59912109375,2692,29.899999618530273,53040,1994,4864.982421875
68,5669.10400390625,2747,29.600000381469727,53040,1995,5031.59912109375
69.80000305175781,6012.8681640625,2759,28.200000762939453,53040,1996,5669.10400390625
62,6122,2771,30.829999923706055,53040,1997,6012.8681640625
79,6172.849609375,2759,31.010000228881836,53040,1998,6122
51.29999923706055,4096.35986328125,1952,35.900001525878906,54000,1993,3919.265869140625
49.70000076293945,2161.659912109375,340,25.100000381469727,54000,1994,4096.35986328125
61.900001525878906,5136.21044921875,1983,37.7599983215332,54000,1995,2161.659912109375
64.5999984741211,3506.65380859375,463,37.290000915527344,54000,1996,5136.21044921875
62,5232,2058,38.560001373291016,54000,1997,3506.65380859375
74,4250.78857421875,436,43.810001373291016,54000,1998,5232
51.900001525878906,4210.7646484375,2246,26.899999618530273,54010,1993,4110.31005859375
66.69999694824219,4768.43115234375,2224,30,54010,1994,4210.7646484375
65,5592.22412109375,2288,34.540000915527344,54010,1995,4768.43115234375
72.30000305175781,5427.74365234375,2341,31.809999465942383,54010,1996,5592.22412109375
71,5641,2374,29.639999389648438,54010,1997,5427.74365234375
78,5950.31591796875,2403,31.329999923706055,54010,1998,5641
54.900001525878906,4197.43603515625,2491,37.70000076293945,54025,1993,3943.289306640625
50,4328.73486328125,2630,36.900001525878906,54025,1994,4197.43603515625
62.900001525878906,5074.07470703125,2598,41.91999816894531,54025,1995,4328.73486328125
71.30000305175781,5030.84130859375,2605,42.779998779296875,54025,1996,5074.07470703125
71,5261,2650,45.439998626708984,54025,1997,5030.84130859375
75,5247.26708984375,2672,60.540000915527344,54025,1998,5261
53.29999923706055,4021.94091796875,1470,34.20000076293945,54040,1993,3798.00439453125
53.099998474121094,4474.939453125,1497,33.79999923706055,54040,1994,4021.94091796875
64.19999694824219,4840.275390625,1578,31.420000076293945,54040,1995,4474.939453125
71.4000015258789,5189.3974609375,1573,34.41999816894531,54040,1996,4840.275390625
64,4954,1651,38.58000183105469,54040,1997,5189.3974609375
66,5165.5400390625,1646,37.84000015258789,54040,1998,4954
43.79999923706055,2424.716064453125,306,30.100000381469727,55000,1993,3967.31298828125
45.400001525878906,4310.32373046875,1129,36.79999923706055,55000,1994,2424.716064453125
62.29999923706055,3630.20654296875,334,29.5,55000,1995,4310.32373046875
66,5214.97119140625,1085,32.68000030517578,55000,1996,3630.20654296875
78,5379,1096,32.06999969482422,55000,1997,5214.97119140625
83,5560.3896484375,1044,31.68000030517578,55000,1998,5379
57.900001525878906,4084.1416015625,303,48.5,55010,1993,3941.00146484375
83.30000305175781,4302.7431640625,298,47,55010,1994,4084.1416015625
75,5188.8681640625,280,47.15999984741211,55010,1995,4302.7431640625
61.099998474121094,5599.5986328125,274,45.2599983215332,55010,1996,5188.8681640625
90,5552,274,48.529998779296875,55010,1997,5599.5986328125
83,5567.2822265625,277,51.08000183105469,55010,1998,5552
54.29999923706055,4137.45654296875,2395,18.899999618530273,55100,1993,4082.8544921875
40.599998474121094,4469.5244140625,2439,19.600000381469727,55100,1994,4137.45654296875
67.0999984741211,5078.287109375,2400,18.670000076293945,55100,1995,4469.5244140625
79.0999984741211,5247.70556640625,2385,25.030000686645508,55100,1996,5078.287109375
83,5231,2417,22.31999969482422,55100,1997,5247.70556640625
88,5477.677734375,2292,21.15999984741211,55100,1998,5231
28.600000381469727,4029.716064453125,688,52.900001525878906,55115,1993,3913.5458984375
23.5,4290.830078125,673,47.5,55115,1994,4029.716064453125
42.099998474121094,5097.244140625,614,50.33000183105469,55115,1995,4290.830078125
49.099998474121094,5517.7626953125,583,51.11000061035156,55115,1996,5097.244140625
73,6094,618,49.18000030517578,55115,1997,5517.7626953125
64,6143.31005859375,597,49.470001220703125,55115,1998,6094
34.400001525878906,3895.318115234375,1119,32.900001525878906,55120,1993,3932.99365234375
34.099998474121094,4179.28125,1107,33,55120,1994,3895.318115234375
57.400001525878906,4830.796875,1078,36.970001220703125,55120,1995,4179.28125
50.70000076293945,4869.2158203125,1098,34.7599983215332,55120,1996,4830.796875
65,5243,1076,38.09000015258789,55120,1997,4869.2158203125
84,5383.150390625,1010,39.59000015258789,55120,1998,5243
56.29999923706055,6342.2490234375,8777,15.199999809265137,56010,1993,6358.22509765625
64.30000305175781,6947.4189453125,8948,14.100000381469727,56010,1994,6342.2490234375
77.80000305175781,7099.28125,9166,14.449999809265137,56010,1995,6947.4189453125
77.0999984741211,7119.69384765625,9396,14.529999732971191,56010,1996,7099.28125
79,7140,9507,13.949999809265137,56010,1997,7119.69384765625
90,7032.4599609375,9580,14.020000457763672,56010,1998,7140
50.79999923706055,4793.89599609375,2163,27.700000762939453,56020,1993,4356.26513671875
55.5,5129.06884765625,2133,32.900001525878906,56020,1994,4793.89599609375
79.30000305175781,5664.8916015625,1876,33.4900016784668,56020,1995,5129.06884765625
67.19999694824219,5768.38427734375,1910,33.83000183105469,56020,1996,5664.8916015625
74,5567,1964,33.189998626708984,56020,1997,5768.38427734375
84,5759.29150390625,2006,33.150001525878906,56020,1998,5567
34.900001525878906,5175.98583984375,1142,27.299999237060547,56030,1993,4757.80126953125
44.900001525878906,5298.01611328125,1137,29.100000381469727,56030,1994,5175.98583984375
49.5,5754.4091796875,1102,28.579999923706055,56030,1995,5298.01611328125
54.70000076293945,5985.24853515625,1073,30.31999969482422,56030,1996,5754.4091796875
51,6061,1088,30.579999923706055,56030,1997,5985.24853515625
49,6184.66552734375,1079,34.279998779296875,56030,1998,6061
31.100000381469727,4942.7333984375,1736,31.100000381469727,56050,1993,4761.23291015625
59.20000076293945,4849.65576171875,1726,31.399999618530273,56050,1994,4942.7333984375
72.5999984741211,6055.60986328125,1619,34.9900016784668,56050,1995,4849.65576171875
68.80000305175781,5830.78369140625,1610,32.880001068115234,56050,1996,6055.60986328125
74,5807,1658,32.68000030517578,56050,1997,5830.78369140625
76,6037.951171875,1683,35.22999954223633,56050,1998,5807
26.5,3562.10009765625,1392,44.70000076293945,57020,1993,3691.614501953125
24.799999237060547,4215.02001953125,1405,41.900001525878906,57020,1994,3562.10009765625
66,4883.45458984375,1368,47.459999084472656,57020,1995,4215.02001953125
61.79999923706055,4906.0419921875,1348,39.849998474121094,57020,1996,4883.45458984375
50,5071,1379,39.400001525878906,57020,1997,4906.0419921875
76,5281.72998046875,1366,43.060001373291016,57020,1998,5071
35.20000076293945,4412.9169921875,829,31.100000381469727,57030,1993,4297.92236328125
57.099998474121094,4232.34814453125,1036,35.900001525878906,57030,1994,4412.9169921875
56.29999923706055,4932.95263671875,1065,42.59000015258789,57030,1995,4232.34814453125
63,5192.46630859375,1067,39.849998474121094,57030,1996,4932.95263671875
45,4686,1077,37.40999984741211,57030,1997,5192.46630859375
76,4915.435546875,1042,37.29999923706055,57030,1998,4686
44.20000076293945,5086.01708984375,7252,26.100000381469727,58010,1993,4873.3427734375
48,5294.76708984375,7325,27.299999237060547,58010,1994,5086.01708984375
47.900001525878906,5966.09228515625,7241,30.350000381469727,58010,1995,5294.76708984375
56.599998474121094,5959.6748046875,7143,26.110000610351562,58010,1996,5966.09228515625
53,6126,7176,27.850000381469727,58010,1997,5959.6748046875
65,6156.1103515625,7028,28.030000686645508,58010,1998,6126
36.20000076293945,4753.90966796875,2602,19.700000762939453,58020,1993,4668.57080078125
52.400001525878906,4995.8603515625,2668,19.299999237060547,58020,1994,4753.90966796875
60,6246.22998046875,2670,19.229999542236328,58020,1995,4995.8603515625
61.20000076293945,5610.85107421875,2741,19.670000076293945,58020,1996,6246.22998046875
66,5582,2846,19.84000015258789,58020,1997,5610.85107421875
80,5906.00634765625,2852,22.459999084472656,58020,1998,5582
39.599998474121094,4207.4326171875,4941,13.699999809265137,58030,1993,4140.05322265625
60.29999923706055,4445.6982421875,5047,11.199999809265137,58030,1994,4207.4326171875
62.599998474121094,4937.1650390625,5170,11.079999923706055,58030,1995,4445.6982421875
63.400001525878906,4990.9462890625,5361,9.350000381469727,58030,1996,4937.1650390625
62,5046,5535,9.539999961853027,58030,1997,4990.9462890625
73,5325.05517578125,5525,9.050000190734863,58030,1998,5046
31,4207.4326171875,1480,16.399999618530273,58050,1993,4348.25732421875
42.900001525878906,4254.00830078125,1476,15.600000381469727,58050,1994,4207.4326171875
58.20000076293945,4832.9033203125,1456,15.960000038146973,58050,1995,4254.00830078125
67,4767.9443359375,1505,17.600000381469727,58050,1996,4832.9033203125
49,4825,1511,20.040000915527344,58050,1997,4767.9443359375
68,5153.72412109375,1530,15.510000228881836,58050,1998,4825
45.099998474121094,4361.8232421875,1617,9.699999809265137,58070,1993,4154.92529296875
55.599998474121094,4822.5810546875,1628,9.699999809265137,58070,1994,4361.8232421875
65.30000305175781,4909.783203125,1654,8.510000228881836,58070,1995,4822.5810546875
68.0999984741211,4970.48779296875,1644,8.59000015258789,58070,1996,4909.783203125
63,5078,1654,7.110000133514404,58070,1997,4970.48779296875
81,5007.00927734375,1684,8.90999984741211,58070,1998,5078
44.5,7716.2177734375,2593,20.100000381469727,58080,1993,7520.505859375
55,8444.119140625,2640,18.5,58080,1994,7716.2177734375
57.900001525878906,7811.21044921875,2643,19.149999618530273,58080,1995,8444.119140625
76.5999984741211,7749.828125,2761,17.920000076293945,58080,1996,7811.21044921875
76,7651,2751,17.850000381469727,58080,1997,7749.828125
91,8045.677734375,2744,20.450000762939453,58080,1998,7651
26.799999237060547,4381.81640625,2064,14.699999809265137,58090,1993,3888.37841796875
50.5,4552.9150390625,1992,14.100000381469727,58090,1994,4381.81640625
54.5,5039.32080078125,1494,20.3700008392334,58090,1995,4552.9150390625
52.099998474121094,5307.0361328125,1582,23.690000534057617,58090,1996,5039.32080078125
63,5773,1546,21,58090,1997,5307.0361328125
76,5839.04931640625,1557,22.209999084472656,58090,1998,5773
43.70000076293945,4274.076171875,894,16.700000762939453,58100,1993,4231.57177734375
37.5,4669.87841796875,898,13.800000190734863,58100,1994,4274.076171875
66.69999694824219,5046.69287109375,895,15.260000228881836,58100,1995,4669.87841796875
72.69999694824219,5178.1455078125,889,16.530000686645508,58100,1996,5046.69287109375
53,5215,894,14.5,58100,1997,5178.1455078125
84,5383.150390625,904,16.40999984741211,58100,1998,5215
50.79999923706055,4665.0517578125,760,12.399999618530273,58110,1993,4509.55810546875
37.29999923706055,4931.96337890625,745,12.5,58110,1994,4665.0517578125
56.29999923706055,5196.240234375,762,13.609999656677246,58110,1995,4931.96337890625
71.9000015258789,5302.9443359375,762,8.609999656677246,58110,1996,5196.240234375
57,5391,787,9.779999732971191,58110,1997,5302.9443359375
78,5349.671875,791,9.609999656677246,58110,1998,5391
48.20000076293945,4994.9375,1416,30.5,59020,1993,4694.88232421875
52.400001525878906,5187.55078125,1389,30.799999237060547,59020,1994,4994.9375
54,5338.4150390625,1446,33.720001220703125,59020,1995,5187.55078125
76.5999984741211,5578.11669921875,1444,33.52000045776367,59020,1996,5338.4150390625
61,5554,1452,34.130001068115234,59020,1997,5578.11669921875
66,5606.6689453125,1439,37.02000045776367,59020,1998,5554
36.20000076293945,4502.8857421875,1419,36.20000076293945,59045,1993,4096.58251953125
45.599998474121094,4877.81396484375,1342,34.099998474121094,59045,1994,4502.8857421875
74.4000015258789,5485.85595703125,1236,37.56999969482422,59045,1995,4877.81396484375
65.80000305175781,6244.0537109375,1192,36.970001220703125,59045,1996,5485.85595703125
50,6326,1187,36.08000183105469,59045,1997,6244.0537109375
70,5948.3466796875,1142,36.52000045776367,59045,1998,6326
52.29999923706055,4291.84765625,4065,24.100000381469727,59070,1993,4097.72607421875
53,4635.22265625,4109,23.600000381469727,59070,1994,4291.84765625
66.9000015258789,5196.240234375,3996,27.360000610351562,59070,1995,4635.22265625
66.0999984741211,5541.29052734375,3972,26.190000534057617,59070,1996,5196.240234375
67,5326,4076,29.040000915527344,59070,1997,5541.29052734375
70,5680.5185546875,3912,29.329999923706055,59070,1998,5326
39.900001525878906,4083.031005859375,1980,32.099998474121094,59080,1993,4071.414794921875
48.099998474121094,4192.27734375,2031,31.899999618530273,59080,1994,4083.031005859375
63.099998474121094,4889.7734375,2030,35.72999954223633,59080,1995,4192.27734375
62.70000076293945,4961.28125,2132,32.810001373291016,59080,1996,4889.7734375
65,5166,2242,28.6299991607666,59080,1997,4961.28125
64,5228.55810546875,2318,27.5,59080,1998,5166
38,4086.36328125,1827,29.100000381469727,59090,1993,3939.857421875
41.900001525878906,4386.1337890625,1793,26.399999618530273,59090,1994,4086.36328125
61.099998474121094,4924.52734375,1779,30.06999969482422,59090,1995,4386.1337890625
63.900001525878906,4952.07470703125,1831,28.809999465942383,59090,1996,4924.52734375
45,5269,1853,25.40999984741211,59090,1997,4952.07470703125
71,5265.9755859375,1856,31.739999771118164,59090,1998,5269
41.5,3964.183349609375,2506,33.599998474121094,59125,1993,4027.943603515625
57.599998474121094,4520.42529296875,2448,31.700000762939453,59125,1994,3964.183349609375
55.79999923706055,5082.5,2372,33.279998779296875,59125,1995,4520.42529296875
60.5,5266.11865234375,2366,31.920000076293945,59125,1996,5082.5
50,5365,2335,37.040000915527344,59125,1997,5266.11865234375
69,5470.78515625,2323,27.559999465942383,59125,1998,5365
43.20000076293945,4097.47021484375,757,35.79999923706055,59150,1993,4321.94580078125
49,4521.50830078125,744,36.5,59150,1994,4097.47021484375
61.70000076293945,5028.7890625,730,42.209999084472656,59150,1995,4521.50830078125
56,5214.97119140625,758,37.20000076293945,59150,1996,5028.7890625
73,5372,751,37.220001220703125,59150,1997,5214.97119140625
87,5195.07958984375,767,40.310001373291016,59150,1998,5372
37.5,4318.5048828125,590,48.400001525878906,60010,1993,3973.03271484375
25.600000381469727,5029.43310546875,555,47.79999923706055,60010,1994,4318.5048828125
38.5,5730.18701171875,550,48.63999938964844,60010,1995,5029.43310546875
55,5901.3671875,608,51.65999984741211,60010,1996,5730.18701171875
56,6102,584,49.650001525878906,60010,1997,5901.3671875
82,6103.92333984375,576,50.880001068115234,60010,1998,6102
23.899999618530273,4177.44287109375,678,47.5,60020,1993,4062.262939453125
42.599998474121094,4548.5830078125,677,44.099998474121094,60020,1994,4177.44287109375
44,5562.73583984375,648,43.0099983215332,60020,1995,4548.5830078125
69,6074.24462890625,660,41.599998474121094,60020,1996,5562.73583984375
44,5405,658,34.63999938964844,60020,1997,6074.24462890625
75,5441.24560546875,651,34.09000015258789,60020,1998,5405
39.29999923706055,2468.034423828125,385,32.900001525878906,61000,1993,4309.3623046875
39.70000076293945,4936.29541015625,2846,36,61000,1994,2468.034423828125
56.099998474121094,3842.94287109375,488,40.95000076293945,61000,1995,4936.29541015625
56.29999923706055,6180.630859375,2517,39.9900016784668,61000,1996,3842.94287109375
51,4083,498,42.27000045776367,61000,1997,6180.630859375
70,6343.1962890625,2580,42.06999969482422,61000,1998,4083
28,5921.28369140625,7817,64.4000015258789,61010,1993,5771.36474609375
24.700000762939453,6249.9697265625,7700,66.0999984741211,61010,1994,5921.28369140625
45.70000076293945,7062.4208984375,7240,63.09000015258789,61010,1995,6249.9697265625
45.099998474121094,7437.82958984375,7057,65.37000274658203,61010,1996,7062.4208984375
50,7735,6953,69.279998779296875,61010,1997,7437.82958984375
64,7407.61669921875,7036,67.51000213623047,61010,1998,7735
11.600000381469727,6370.01708984375,3094,78.69999694824219,61020,1993,6116.84619140625
9.899999618530273,5590.42529296875,3065,83.30000305175781,61020,1994,6370.01708984375
36.099998474121094,7204.59619140625,2667,84.3499984741211,61020,1995,5590.42529296875
28,7681.29052734375,2592,87.94000244140625,61020,1996,7204.59619140625
18,7568,2754,89.16999816894531,61020,1997,7681.29052734375
50,8247.5341796875,2477,91.2699966430664,61020,1998,7568
45.79999923706055,4572.861328125,3707,12,61060,1993,4372.28076171875
64.69999694824219,4615.72900390625,3710,10.300000190734863,61060,1994,4572.861328125
69.9000015258789,5207.82470703125,3704,12.180000305175781,61060,1995,4615.72900390625
76.5,5446.15673828125,3790,11.670000076293945,61060,1996,5207.82470703125
66,5339,3816,10.880000114440918,61060,1997,5446.15673828125
84,5625.37744140625,3943,11.1899995803833,61060,1998,5339
25.5,4539.53955078125,1833,37.599998474121094,61065,1993,4277.33056640625
44,4753.26904296875,1908,38.599998474121094,61065,1994,4539.53955078125
55,5234.1533203125,1797,34.86000061035156,61065,1995,4753.26904296875
59.70000076293945,5215.994140625,1851,35.119998931884766,61065,1996,5234.1533203125
46,5119,1969,33.439998626708984,61065,1997,5215.994140625
72,5388.07373046875,2034,34.619998931884766,61065,1998,5119
32.900001525878906,4640.61572265625,3830,20.399999618530273,61080,1993,4345.96923828125
49.400001525878906,4797.671875,3762,21.299999237060547,61080,1994,4640.61572265625
61.099998474121094,5637.509765625,3403,21.84000015258789,61080,1995,4797.671875
52.099998474121094,5966.83544921875,3424,21.690000534057617,61080,1996,5637.509765625
52,6364,3440,22.549999237060547,61080,1997,5966.83544921875
69,6332.365234375,3405,24.389999389648438,61080,1998,6364
46.5,4375.15185546875,1610,26.399999618530273,61180,1993,4254.451171875
45.900001525878906,4420.78955078125,1607,32.20000076293945,61180,1994,4375.15185546875
61.20000076293945,5024.57666015625,1607,27.059999465942383,61180,1995,4420.78955078125
81.9000015258789,5012.42822265625,1625,28.420000076293945,61180,1996,5024.57666015625
62,5318,1611,29.139999389648438,61180,1997,5012.42822265625
86,5597.806640625,1555,28.690000534057617,61180,1998,5318
34.5,4740.5810546875,2968,40.70000076293945,61190,1993,4571.3330078125
42.400001525878906,5276.3564453125,2859,42.5,61190,1994,4740.5810546875
73.4000015258789,6495.82666015625,2439,42.279998779296875,61190,1995,5276.3564453125
54.599998474121094,6234.84716796875,2541,37.599998474121094,61190,1996,6495.82666015625
47,6407,2615,40.290000915527344,61190,1997,6234.84716796875
64,6006.44189453125,2711,40.869998931884766,61190,1998,6407
46.5,4235.20068359375,1204,29.600000381469727,61210,1993,4249.87548828125
21.299999237060547,4528.005859375,1187,30.100000381469727,61210,1994,4235.20068359375
56.79999923706055,5005.6201171875,1202,27.860000610351562,61210,1995,4528.005859375
57.5,5111.65380859375,1264,26.31999969482422,61210,1996,5005.6201171875
51,5176,1275,25.850000381469727,61210,1997,5111.65380859375
70,5364.44189453125,1303,23.610000610351562,61210,1998,5176
45.79999923706055,4651.72314453125,4306,22.299999237060547,61220,1993,4530.14990234375
50.5,4868.06689453125,4348,24.399999618530273,61220,1994,4651.72314453125
59.70000076293945,5718.60205078125,4332,24.25,61220,1995,4868.06689453125
58.79999923706055,5859.42626953125,4361,24.8799991607666,61220,1996,5718.60205078125
55,6093,4490,29.440000534057617,61220,1997,5859.42626953125
75,6021.2119140625,4548,28.34000015258789,61220,1998,6093
66,4890.529296875,650,6.800000190734863,61230,1993,5030.06787109375
53.79999923706055,5218.95751953125,697,9.399999618530273,61230,1994,4890.529296875
79.69999694824219,5514.291015625,759,10.100000381469727,61230,1995,5218.95751953125
72.30000305175781,5630.28662109375,780,6.769999980926514,61230,1996,5514.291015625
77,5529,821,7.019999980926514,61230,1997,5630.28662109375
80,5922.74560546875,849,8.25,61230,1998,5529
57.20000076293945,4250.75048828125,2030,27.700000762939453,61240,1993,4186.95654296875
45.29999923706055,4663.38037109375,2089,27.200000762939453,61240,1994,4250.75048828125
50.900001525878906,5297.34228515625,2004,26.06999969482422,61240,1995,4663.38037109375
72.0999984741211,5511.625,2037,27.719999313354492,61240,1996,5297.34228515625
64,5688,2089,25.979999542236328,61240,1997,5511.625
91,5748.4599609375,2097,26.190000534057617,61240,1998,5688
25.600000381469727,4073.034423828125,2754,19.700000762939453,62040,1993,4050.8232421875
47.20000076293945,4473.8564453125,2785,19.799999237060547,62040,1994,4073.034423828125
46.29999923706055,5002.46044921875,2545,25.700000762939453,62040,1995,4473.8564453125
53.599998474121094,5084.0341796875,2621,27.020000457763672,62040,1996,5002.46044921875
51,5586,2662,25.530000686645508,62040,1997,5084.0341796875
75,5711.04296875,2643,25.290000915527344,62040,1998,5586
37.099998474121094,4345.16259765625,2011,38.29999923706055,62050,1993,4192.67626953125
55,4490.10107421875,2108,38.5,62050,1994,4345.16259765625
60.599998474121094,4873.97607421875,2173,36.70000076293945,62050,1995,4490.10107421875
51.29999923706055,5028.79541015625,2229,42.63999938964844,62050,1996,4873.97607421875
55,5369,2180,40.29999923706055,62050,1997,5028.79541015625
78,4805.1533203125,2463,39.599998474121094,62050,1998,5369
38.599998474121094,3600.9755859375,1543,28.700000762939453,62060,1993,3783.132568359375
32.099998474121094,4304.90869140625,1577,35.099998474121094,62060,1994,3600.9755859375
58.599998474121094,4811.84033203125,1132,37.93000030517578,62060,1995,4304.90869140625
55.70000076293945,4401.73046875,1180,35.150001525878906,62060,1996,4811.84033203125
33,5538,1228,39.630001068115234,62060,1997,4401.73046875
87,5618.48486328125,1239,40.97999954223633,62060,1998,5538
38.70000076293945,3800.906494140625,2839,37.29999923706055,62070,1993,3833.467529296875
48.400001525878906,4164.11962890625,2870,40.599998474121094,62070,1994,3800.906494140625
72.9000015258789,4585.4130859375,1838,39.970001220703125,62070,1995,4164.11962890625
68.80000305175781,4599.15869140625,1934,33.630001068115234,62070,1996,4585.4130859375
61,4500,2229,36.0099983215332,62070,1997,4599.15869140625
73,5859.72705078125,1993,33.02000045776367,62070,1998,4500
26.5,4440.68505859375,1468,45.20000076293945,62090,1993,4466.0869140625
57.599998474121094,4884.3115234375,1544,49.900001525878906,62090,1994,4440.68505859375
57.599998474121094,5515.34423828125,1558,60.59000015258789,62090,1995,4884.3115234375
55.79999923706055,5558.6806640625,1606,63.9900016784668,62090,1996,5515.34423828125
57,5956,1598,55.72999954223633,62090,1997,5558.6806640625
74,5934.5615234375,1595,55.689998626708984,62090,1998,5956
60,2475.8095703125,73,0,62470,1993,2354.30517578125
25,2781.133544921875,76,44.70000076293945,62470,1994,2475.8095703125
75,6686.44677734375,35,46.66999816894531,62470,1995,2781.133544921875
100,6824.06298828125,31,36.36000061035156,62470,1996,6686.44677734375
29,5175,40,0,62470,1997,6824.06298828125
33,5425.49072265625,38,0,62470,1998,5175
52.599998474121094,3232.21435546875,474,14.800000190734863,63000,1993,6518.3818359375
61.400001525878906,6713.49169921875,6476,15,63000,1994,3232.21435546875
73.69999694824219,4706.525390625,541,15.529999732971191,63000,1995,6713.49169921875
76.19999694824219,7382.5908203125,5635,16.299999237060547,63000,1996,4706.525390625
72,7475,5604,16.520000457763672,63000,1997,7382.5908203125
82,4800.22998046875,561,15.65999984741211,63000,1998,7475
65.80000305175781,9605.5634765625,7311,1.899999976158142,63010,1993,9403.4921875
80.5999984741211,9848.765625,7276,2.5,63010,1994,9605.5634765625
86.5,10027.037109375,7400,2.0399999618530273,63010,1995,9848.765625
82.5999984741211,9989.0537109375,7497,2.690000057220459,63010,1996,10027.037109375
83,9990,7514,2.390000104904175,63010,1997,9989.0537109375
95,9616.21484375,7559,2.430000066757202,63010,1998,9990
33.400001525878906,5283.7265625,9105,38.099998474121094,63020,1993,5049.51513671875
59.29999923706055,5566.59912109375,7997,39.900001525878906,63020,1994,5283.7265625
62.900001525878906,7183.533203125,4607,39.95000076293945,63020,1995,5566.59912109375
76.5,6932.4951171875,4498,37.970001220703125,63020,1996,7183.533203125
60,7119,4850,34.540000915527344,63020,1997,6932.4951171875
76,7019.65966796875,4738,34.31999969482422,63020,1998,7119
27.700000762939453,6144.53955078125,13454,47.900001525878906,63030,1993,6736.8818359375
27.600000381469727,6385.34423828125,12969,51.400001525878906,63030,1994,6144.53955078125
38.20000076293945,6297.83447265625,12813,61.97999954223633,63030,1995,6385.34423828125
43.79999923706055,6318.728515625,12649,63.18000030517578,63030,1996,6297.83447265625
38,7213,12778,66.910003662109375,63030,1997,6318.728515625
49,7807.3896484375,12771,65.5199966430664,63030,1998,7213
58.70000076293945,7812.85107421875,7653,12.5,63040,1993,7533.08984375
68.5999984741211,8570.830078125,7553,12.199999809265137,63040,1994,7812.85107421875
80.19999694824219,8702.1748046875,7586,13.989999771118164,63040,1995,8570.830078125
87.69999694824219,8888.365234375,7450,11.359999656677246,63040,1996,8702.1748046875
80,8332,7322,10.960000038146973,63040,1997,8888.365234375
91,8267.2265625,7094,9.680000305175781,63040,1998,8332
49.29999923706055,5072.6884765625,5405,10.800000190734863,63050,1993,5051.80322265625
68.4000015258789,5390.07080078125,5200,10.899999618530273,63050,1994,5072.6884765625
80.5,6511.6240234375,4385,10.8100004196167,63050,1995,5390.07080078125
79.0999984741211,6707.447265625,4296,11.710000038146973,63050,1996,6511.6240234375
82,7077,4331,11.279999732971191,63050,1997,6707.447265625
84,6602.16259765625,4322,10.270000457763672,63050,1998,7077
52.599998474121094,10026.529296875,8780,18,63060,1993,9495.0107421875
54.900001525878906,9107.99609375,8794,20.200000762939453,63060,1994,10026.529296875
65.19999694824219,9713.1982421875,8882,20.799999237060547,63060,1995,9107.99609375
64.0999984741211,9975.7548828125,9243,26.75,63060,1996,9713.1982421875
63,9765,9432,32.40999984741211,63060,1997,9975.7548828125
71,9898.8125,9558,31.670000076293945,63060,1998,9765
58.400001525878906,6649.92041015625,3003,10.699999809265137,63070,1993,6335.345703125
62.70000076293945,6568.37060546875,3101,10.600000381469727,63070,1994,6649.92041015625
71.0999984741211,7011.86962890625,3326,11.34000015258789,63070,1995,6568.37060546875
74.5999984741211,6944.7705078125,3506,11.680000305175781,63070,1996,7011.86962890625
77,7065,3674,10.40999984741211,63070,1997,6944.7705078125
93,7160.46630859375,3718,10.029999732971191,63070,1998,7065
68.4000015258789,10710.736328125,5549,1.600000023841858,63080,1993,10342.6982421875
75.30000305175781,11329.220703125,5562,1.600000023841858,63080,1994,10710.736328125
87.80000305175781,10480.9443359375,5761,1.6399999856948853,63080,1995,11329.220703125
94.0999984741211,10688.748046875,5804,1.8300000429153442,63080,1996,10480.9443359375
84,10578,5867,1.7599999904632568,63080,1997,10688.748046875
94,10560.505859375,5781,1.600000023841858,63080,1998,10578
39.5,6494.41845703125,1765,17.299999237060547,63090,1993,6811.240234375
70.4000015258789,6892.18603515625,1714,18.799999237060547,63090,1994,6494.41845703125
79.5,7161.4169921875,1747,21.979999542236328,63090,1995,6892.18603515625
76.0999984741211,7306.89306640625,1765,21.389999389648438,63090,1996,7161.4169921875
60,7344,1821,22.739999771118164,63090,1997,7306.89306640625
74,6918.2392578125,1874,22.239999771118164,63090,1998,7344
63.79999923706055,6557.72998046875,4249,2.200000047683716,63100,1993,6455.46337890625
78.4000015258789,6925.75927734375,4442,2.5999999046325684,63100,1994,6557.72998046875
83.4000015258789,7467.8837890625,4664,2.369999885559082,63100,1995,6925.75927734375
87.5,7155.4970703125,4914,2.2100000381469727,63100,1996,7467.8837890625
89,7226,5102,2.2699999809265137,63100,1997,7155.4970703125
90,7289.45703125,5347,2.359999895095825,63100,1998,7226
40.70000076293945,5272.619140625,2789,11,63110,1993,5494.5224609375
54.599998474121094,5524.3623046875,2896,11.699999809265137,63110,1994,5272.619140625
76.5999984741211,5828.1298828125,3055,12.199999809265137,63110,1995,5524.3623046875
73,6096.74951171875,3099,10.09000015258789,63110,1996,5828.1298828125
69,5792,3402,10.680000305175781,63110,1997,6096.74951171875
85,6193.52783203125,3514,8.359999656677246,63110,1998,5792
43.599998474121094,5010.48779296875,8187,37.900001525878906,63130,1993,5158.193359375
49,5278.5224609375,7430,38.099998474121094,63130,1994,5010.48779296875
73.19999694824219,6218.84814453125,5317,44.40999984741211,63130,1995,5278.5224609375
72.30000305175781,6411.81640625,5237,48.630001068115234,63130,1996,6218.84814453125
66,6995,5283,44.70000076293945,63130,1997,6411.81640625
80,7288.47265625,5174,45.290000915527344,63130,1998,6995
50.900001525878906,4891.64013671875,3757,28.799999237060547,63140,1993,4984.30859375
47,5155.060546875,3327,32.70000076293945,63140,1994,4891.64013671875
55.29999923706055,6248.33642578125,2282,31.649999618530273,63140,1995,5155.060546875
60.400001525878906,6123.34619140625,2312,31.450000762939453,63140,1996,6248.33642578125
61,6182,2278,36.61000061035156,63140,1997,6123.34619140625
70,6207.31298828125,2240,37.70000076293945,63140,1998,6182
63.20000076293945,7331.90625,11355,2.299999952316284,63150,1993,7398.1005859375
80.0999984741211,7440.18212890625,11488,2.5,63150,1994,7331.90625
87.4000015258789,7944.96044921875,11735,3.009999990463257,63150,1995,7440.18212890625
91.69999694824219,7736.52978515625,11994,3.240000009536743,63150,1996,7944.96044921875
90,7835,12072,3.2200000286102295,63150,1997,7736.52978515625
97,7758.15625,12047,3.0199999809265137,63150,1998,7835
63,7220.83349609375,5095,4.199999809265137,63160,1993,7551.3935546875
80.5,7553.89697265625,5255,4.199999809265137,63160,1994,7220.83349609375
86.0999984741211,7753.287109375,5377,4.369999885559082,63160,1995,7553.89697265625
88.69999694824219,7705.84130859375,5590,3.9200000762939453,63160,1996,7753.287109375
89,7775,5728,5.289999961853027,63160,1997,7705.84130859375
91,7604.54931640625,6004,5.829999923706055,63160,1998,7775
61.5,4726.1416015625,4156,5.5,63180,1993,4699.45849609375
62.29999923706055,4777.09521484375,4124,7.800000190734863,63180,1994,4726.1416015625
79.5,5699.6455078125,3081,8.960000038146973,63180,1995,4777.09521484375
81.5,5663.02099609375,3173,8.170000076293945,63180,1996,5699.6455078125
72,5829,3202,7.960000038146973,63180,1997,5663.02099609375
96,5772.09228515625,3280,7.460000038146973,63180,1998,5829
50.400001525878906,5213.75048828125,5785,5.5,63190,1993,5332.07763671875
56.099998474121094,5656.48779296875,5859,6.400000095367432,63190,1994,5213.75048828125
75.80000305175781,6511.6240234375,6119,6.619999885559082,63190,1995,5656.48779296875
83.0999984741211,6572.4189453125,6536,6.25,63190,1996,6511.6240234375
79,6384,6726,5.860000133514404,63190,1997,6572.4189453125
92,6251.62255859375,6839,5.03000020980835,63190,1998,6384
63.79999923706055,7559.60546875,10695,5.599999904632568,63200,1993,7856.83544921875
71.19999694824219,8074.81787109375,10961,5.400000095367432,63200,1994,7559.60546875
75.9000015258789,8253.533203125,11531,5.400000095367432,63200,1995,8074.81787109375
82.80000305175781,8902.6865234375,11660,5.599999904632568,63200,1996,8253.533203125
78,8939,11823,5.260000228881836,63200,1997,8902.6865234375
85,8756.6044921875,11785,5.46999979019165,63200,1998,8939
53.29999923706055,4671.71630859375,4192,16.299999237060547,63210,1993,4740.6416015625
53.099998474121094,4756.51806640625,4163,16.600000381469727,63210,1994,4671.71630859375
68.80000305175781,5497.44091796875,4152,16.360000610351562,63210,1995,4756.51806640625
68.30000305175781,5831.806640625,4136,17.549999237060547,63210,1996,5497.44091796875
60,5720,4207,18.1200008392334,63210,1997,5831.806640625
76,5664.763671875,4313,16.31999969482422,63210,1998,5720
47.20000076293945,4812.7783203125,10571,10.399999618530273,63220,1993,4793.2646484375
63,4966.61962890625,10622,10,63220,1994,4812.7783203125
76.5999984741211,5751.25,9978,9.770000457763672,63220,1995,4966.61962890625
72.5999984741211,5853.28857421875,10276,9.84000015258789,63220,1996,5751.25
66,5973,10628,9.720000267028809,63220,1997,5853.28857421875
76,6051.736328125,10790,10.890000343322754,63220,1998,5973
57.5,5770.224609375,4725,8.300000190734863,63230,1993,5818.26806640625
71.30000305175781,6379.92919921875,4838,8.5,63230,1994,5770.224609375
82.19999694824219,6620.09814453125,5105,8.359999656677246,63230,1995,6379.92919921875
78.5999984741211,6504.904296875,5343,7.070000171661377,63230,1996,6620.09814453125
75,6936,5732,6.71999979019165,63230,1997,6504.904296875
91,6844.3896484375,6089,6.690000057220459,63230,1998,6936
55.099998474121094,4450.681640625,4528,10.800000190734863,63240,1993,4836.7353515625
58.099998474121094,5001.275390625,4520,10.5,63240,1994,4450.681640625
68.4000015258789,5434.251953125,4674,10.529999732971191,63240,1995,5001.275390625
80.5999984741211,5446.15673828125,5001,11.550000190734863,63240,1996,5434.251953125
71,5562,5221,10.930000305175781,63240,1997,5446.15673828125
80,5543.650390625,5463,10.40999984741211,63240,1998,5562
17.5,6522.1865234375,3334,35.400001525878906,63250,1993,7359.205078125
26.100000381469727,6221.81201171875,3381,36.400001525878906,63250,1994,6522.1865234375
41.900001525878906,7273.05078125,3379,35.2599983215332,63250,1995,6221.81201171875
54.900001525878906,7481.81640625,3394,38.529998779296875,63250,1996,7273.05078125
62,7295,3447,43.029998779296875,63250,1997,7481.81640625
64,7757.171875,3615,40.310001373291016,63250,1998,7295
60.79999923706055,5730.23876953125,11983,3.5999999046325684,63260,1993,5856.01904296875
68.0999984741211,6016.04248046875,11987,4,63260,1994,5730.23876953125
82.0999984741211,6687.5,12217,4.460000038146973,63260,1995,6016.04248046875
83.5,6744.2734375,12533,3.680000066757202,63260,1996,6687.5
83,7078,12733,3.5199999809265137,63260,1997,6744.2734375
91,7126.0029296875,12883,3.390000104904175,63260,1998,7078
50,5942.38720703125,1837,10.5,63270,1993,5778.22900390625
46.599998474121094,6290.04052734375,1794,12,63270,1994,5942.38720703125
58.29999923706055,7038.19873046875,1765,10.9399995803833,63270,1995,6290.04052734375
59.400001525878906,7013.3076171875,1774,10.770000457763672,63270,1996,7038.19873046875
63,6334,1754,11.369999885559082,63270,1997,7013.3076171875
58,6541.11328125,1728,8.65999984741211,63270,1998,6334
84.80000305175781,9171.26953125,2216,15.399999618530273,63280,1993,8997.380859375
72.69999694824219,9314.8486328125,2285,15.199999809265137,63280,1994,9171.26953125
98,8672.6865234375,2381,17.190000534057617,63280,1995,9314.8486328125
90.4000015258789,8687.8681640625,2436,17.440000534057617,63280,1996,8672.6865234375
88,8229,2489,18.809999465942383,63280,1997,8687.8681640625
91,8248.5185546875,2509,20.709999084472656,63280,1998,8229
49.79999923706055,6435.5498046875,10591,9.100000381469727,63290,1993,6611.04443359375
64.9000015258789,6982.07470703125,10996,8.199999809265137,63290,1994,6435.5498046875
74.19999694824219,7453.1396484375,11729,8.800000190734863,63290,1995,6982.07470703125
75.80000305175781,7644.46435546875,12229,8.649999618530273,63290,1996,7453.1396484375
68,7661,12825,8.069999694824219,63290,1997,7644.46435546875
79,7444.04931640625,13136,7.369999885559082,63290,1998,7661
43.20000076293945,5588.0654296875,10662,19.200000762939453,63300,1993,6045.91943359375
48.70000076293945,6011.71044921875,10800,19.899999618530273,63300,1994,5588.0654296875
69.19999694824219,6581.1318359375,11038,19.780000686645508,63300,1995,6011.71044921875
70.30000305175781,6614.359375,11173,20.979999542236328,63300,1996,6581.1318359375
66,6582,11448,20.209999084472656,63300,1997,6614.359375
83,6416.0615234375,11746,18.600000381469727,63300,1998,6582
33.70000076293945,2928.986083984375,256,42.900001525878906,64000,1993,3879.2265625
45.599998474121094,2104.26123046875,242,35.599998474121094,64000,1994,2928.986083984375
60.099998474121094,3590.18701171875,262,46.88999938964844,64000,1995,2104.26123046875
50.400001525878906,3833.99609375,266,45.779998779296875,64000,1996,3590.18701171875
58,5496,1265,48.900001525878906,64000,1997,3833.99609375
70,4233.064453125,251,47.349998474121094,64000,1998,5496
33,4368.48779296875,1448,48.29999923706055,64040,1993,4189.24462890625
50.900001525878906,4569.16015625,1496,48.79999923706055,64040,1994,4368.48779296875
56.70000076293945,5182.548828125,1553,47.16999816894531,64040,1995,4569.16015625
56.79999923706055,5618.01123046875,1530,45.59000015258789,64040,1996,5182.548828125
54,5704,1552,46.52000045776367,64040,1997,5618.01123046875
63,5834.1259765625,1547,47.47999954223633,64040,1998,5704
36.400001525878906,4910.5224609375,382,31.299999237060547,64070,1993,5456.77099609375
23.100000381469727,5391.15380859375,383,39.29999923706055,64070,1994,4910.5224609375
40,5897.6376953125,394,34.43000030517578,64070,1995,5391.15380859375
57.099998474121094,5927.9638671875,400,37.220001220703125,64070,1996,5897.6376953125
53,6365,389,32.81999969482422,64070,1997,5927.9638671875
77,6458.40185546875,372,33.790000915527344,64070,1998,6365
59.20000076293945,4335.166015625,1647,35.5,64080,1993,4157.212890625
50.5,4807.4189453125,1606,36.29999923706055,64080,1994,4335.166015625
81.4000015258789,5196.240234375,1569,41.33000183105469,64080,1995,4807.4189453125
56,5101.42431640625,1835,40.13999938964844,64080,1996,5196.240234375
65,5528,1834,44.58000183105469,64080,1997,5101.42431640625
80,5764.21484375,1823,40.5,64080,1998,5528
20.700000762939453,3616.52587890625,523,65,64090,1993,3283.214599609375
65,4535.5869140625,452,54.599998474121094,64090,1994,3616.52587890625
26.299999237060547,4980.34423828125,380,66.410003662109375,64090,1995,4535.5869140625
15.199999809265137,4334.2158203125,411,69.68000030517578,64090,1996,4980.34423828125
52,4711,409,76.4000015258789,64090,1997,4334.2158203125
67,5995.6103515625,410,77.88999938964844,64090,1998,4711
39.599998474121094,4115.2421875,3094,38.900001525878906,65045,1993,4092.00634765625
53.79999923706055,4407.79345703125,2996,39.79999923706055,65045,1994,4115.2421875
52.900001525878906,4976.1318359375,2854,43.25,65045,1995,4407.79345703125
62.79999923706055,5176.099609375,2909,39.150001525878906,65045,1996,4976.1318359375
52,5222,2952,39.72999954223633,65045,1997,5176.099609375
76,5173.4169921875,2913,40.91999816894531,65045,1998,5222
47.20000076293945,4522.87890625,594,35,66045,1993,4611.3720703125
37.79999923706055,4766.26513671875,578,41.70000076293945,66045,1994,4522.87890625
69.80000305175781,5827.07666015625,527,38.790000915527344,66045,1995,4766.26513671875
85.19999694824219,5982.1796875,536,48.560001373291016,66045,1996,5827.07666015625
74,6463,495,52.04999923706055,66045,1997,5982.1796875
82,6577.5458984375,472,52.560001373291016,66045,1998,6463
32.099998474121094,4471.78515625,894,29,66050,1993,4315.08203125
43.29999923706055,4842.07470703125,839,29.899999618530273,66050,1994,4471.78515625
55.79999923706055,5472.1650390625,771,30.059999465942383,66050,1995,4842.07470703125
59.20000076293945,5637.447265625,766,33.91999816894531,66050,1996,5472.1650390625
50,5677,754,34.45000076293945,66050,1997,5637.447265625
68,5965.0859375,734,35.869998931884766,66050,1998,5677
62.5,6448.87841796875,197,22,66070,1993,6482.9189453125
53.79999923706055,6898.68408203125,191,23.200000762939453,66070,1994,6448.87841796875
69.19999694824219,7068.73974609375,202,28.489999771118164,66070,1995,6898.68408203125
50,7479.7705078125,192,38.5099983215332,66070,1996,7068.73974609375
57,7754,176,37.81999969482422,66070,1997,7479.7705078125
50,8023.03076171875,164,50,66070,1998,7754
58,3940.85791015625,1492,40.599998474121094,67020,1993,3838.04345703125
42.29999923706055,4368.8056640625,1442,39.900001525878906,67020,1994,3940.85791015625
59.29999923706055,5242.57861328125,1317,41.36000061035156,67020,1995,4368.8056640625
63,5022.65771484375,1391,40.029998779296875,67020,1996,5242.57861328125
41,5559,1367,37.5,67020,1997,5022.65771484375
76,5577.12890625,1333,44.33000183105469,67020,1998,5559
38.099998474121094,3944.190185546875,852,49.900001525878906,67050,1993,4057.68701171875
50,4312.48974609375,834,54.099998474121094,67050,1994,3944.190185546875
51.79999923706055,4940.32470703125,829,42.09000015258789,67050,1995,4312.48974609375
49.099998474121094,4984.80859375,842,46.54999923706055,67050,1996,4940.32470703125
54,5064,881,56.790000915527344,67050,1997,4984.80859375
65,5319.1474609375,842,52.84000015258789,67050,1998,5064
36.599998474121094,4145.2314453125,1462,43.79999923706055,67055,1993,4240.7236328125
34.599998474121094,4639.5546875,1425,46.5,67055,1994,4145.2314453125
41.79999923706055,5320.51171875,1398,48.88999938964844,67055,1995,4639.5546875
46.400001525878906,5489.12060546875,1407,48,67055,1996,5320.51171875
43,5744,1380,48.959999084472656,67055,1997,5489.12060546875
59,5850.865234375,1385,46.65999984741211,67055,1998,5744
38.20000076293945,4109.6884765625,2060,40,67060,1993,3907.826171875
36.5,4393.71435546875,2136,39.29999923706055,67060,1994,4109.6884765625
57.599998474121094,4866.60400390625,2135,38.459999084472656,67060,1995,4393.71435546875
47,4818.06884765625,2203,38.400001525878906,67060,1996,4866.60400390625
49,4783,2249,39.34000015258789,67060,1997,4818.06884765625
75,4906.57373046875,2290,41.61000061035156,67060,1998,4783
59.599998474121094,4231.8681640625,865,51.70000076293945,68010,1993,4071.414794921875
52.70000076293945,4131.62939453125,888,53,68010,1994,4231.8681640625
52.20000076293945,4718.10986328125,919,56.63999938964844,68010,1995,4131.62939453125
61.79999923706055,4951.0517578125,910,57.88999938964844,68010,1996,4718.10986328125
66,5049,926,56.15999984741211,68010,1997,4951.0517578125
76,5418.59814453125,945,55.06999969482422,68010,1998,5049
57.400001525878906,4600.62939453125,464,0,68030,1993,4707.46630859375
75,4618.9775390625,486,0,68030,1994,4600.62939453125
64.0999984741211,4983.50390625,500,41.54999923706055,68030,1995,4618.9775390625
54.5,5402.169921875,484,36.33000183105469,68030,1996,4983.50390625
51,5442,489,36.79999923706055,68030,1997,5402.169921875
51,5329.978515625,472,41.41999816894531,68030,1998,5442
28.600000381469727,4562.86474609375,3044,19.899999618530273,69020,1993,4325.3779296875
45.79999923706055,4615.72900390625,3172,20.799999237060547,69020,1994,4562.86474609375
58.79999923706055,5260.48193359375,3284,21.739999771118164,69020,1995,4615.72900390625
61.599998474121094,5502.4189453125,3395,24.100000381469727,69020,1996,5260.48193359375
44,5507,3450,25.950000762939453,69020,1997,5502.4189453125
65,5696.27294921875,3469,28.190000534057617,69020,1998,5507
37.5,5690.25244140625,753,33.20000076293945,69030,1993,5693.57470703125
29.200000762939453,5677.06494140625,812,35.400001525878906,69030,1994,5690.25244140625
59.099998474121094,6135.6494140625,818,38.08000183105469,69030,1995,5677.06494140625
45.29999923706055,6150.96533203125,825,34.33000183105469,69030,1996,6135.6494140625
66,6359,840,36.16999816894531,69030,1997,6150.96533203125
55,6610.0400390625,830,38.83000183105469,69030,1998,6359
31.799999237060547,4116.35302734375,336,44.400001525878906,69040,1993,3775.124755859375
45.5,4755.43505859375,325,45.70000076293945,69040,1994,4116.35302734375
50,5046.69287109375,332,39.63999938964844,69040,1995,4755.43505859375
37.900001525878906,5364.3212890625,331,37.720001220703125,69040,1996,5046.69287109375
38,6059,312,46.52000045776367,69040,1997,5364.3212890625
26,5279.7607421875,332,47.66999816894531,69040,1998,6059
44.900001525878906,5500.318359375,5759,14.800000190734863,70010,1993,5138.74560546875
46.900001525878906,6065.8603515625,5883,15.699999809265137,70010,1994,5500.318359375
59.599998474121094,6077.72607421875,5936,15.0600004196167,70010,1995,6065.8603515625
60.5,6623.56591796875,5990,15.6899995803833,70010,1996,6077.72607421875
63,6700,5919,16.049999237060547,70010,1997,6623.56591796875
81,6539.14404296875,6063,15.880000114440918,70010,1998,6700
44.70000076293945,5752.453125,5497,29.799999237060547,70020,1993,5558.5849609375
42.400001525878906,5984.6357421875,5588,31.299999237060547,70020,1994,5752.453125
55.5,6848.6318359375,5733,32.77000045776367,70020,1995,5984.6357421875
48.20000076293945,7078.7763671875,5800,32.95000076293945,70020,1996,6848.6318359375
64,6987,5734,39.5099983215332,70020,1997,7078.7763671875
70,7129.94189453125,5676,44.869998931884766,70020,1998,6987
51.900001525878906,4215.20751953125,1607,16.899999618530273,70040,1993,4116.02978515625
58.5,4747.8544921875,1594,15.199999809265137,70040,1994,4215.20751953125
74.0999984741211,5214.1435546875,1358,15.829999923706055,70040,1995,4747.8544921875
64.80000305175781,5441.0419921875,1408,15.760000228881836,70040,1996,5214.1435546875
76,5352,1520,16.049999237060547,70040,1997,5441.0419921875
86,5962.1318359375,1545,19.969999313354492,70040,1998,5352
48.599998474121094,5064.9130859375,5344,18.299999237060547,70070,1993,5216.5361328125
62.099998474121094,5195.1318359375,5610,13.199999809265137,70070,1994,5064.9130859375
67.9000015258789,5321.56494140625,5920,15.140000343322754,70070,1995,5195.1318359375
81.0999984741211,5671.20458984375,6248,12.0600004196167,70070,1996,5321.56494140625
82,5726,6554,17.6299991607666,70070,1997,5671.20458984375
88,5656.88671875,6825,15.970000267028809,70070,1998,5726
42.5,4200.76806640625,2630,20.100000381469727,70120,1993,4134.33349609375
74.0999984741211,4339.56494140625,2679,21.5,70120,1994,4200.76806640625
83.19999694824219,4832.9033203125,2304,22.239999771118164,70120,1995,4339.56494140625
93.5,5009.359375,2362,20.299999237060547,70120,1996,4832.9033203125
87,5409,2308,16.65999984741211,70120,1997,5009.359375
92,5100.55224609375,2362,17.729999542236328,70120,1998,5409
59.900001525878906,4550.64697265625,4911,5.599999904632568,70175,1993,4545.021484375
68.0999984741211,5259.0283203125,5349,6.099999904632568,70175,1994,4550.64697265625
79.4000015258789,5495.33447265625,4712,6.579999923706055,70175,1995,5259.0283203125
88.80000305175781,5727.46630859375,4731,5.730000019073486,70175,1996,5495.33447265625
85,5863,4818,5.429999828338623,70175,1997,5727.46630859375
91,5916.83740234375,4827,6.760000228881836,70175,1998,5863
56.5,5582.51171875,1767,11.199999809265137,70300,1993,5370.97314453125
68.80000305175781,5397.65185546875,1847,11.100000381469727,70300,1994,5582.51171875
63.20000076293945,5543.779296875,1893,14.720000267028809,70300,1995,5397.65185546875
68.9000015258789,5550.4970703125,1938,15.579999923706055,70300,1996,5543.779296875
72,5999,1978,12.470000267028809,70300,1997,5550.4970703125
88,5927.6689453125,2045,15.600000381469727,70300,1998,5999
43.79999923706055,4617.29052734375,3408,10.100000381469727,70350,1993,4462.6552734375
44.099998474121094,4903.8056640625,3575,8.800000190734863,70350,1994,4617.29052734375
59.099998474121094,5304.71435546875,3722,10.399999618530273,70350,1995,4903.8056640625
62.599998474121094,5280.43994140625,3826,0,70350,1996,5304.71435546875
58,5513,4039,10.0600004196167,70350,1997,5280.43994140625
79,5544.634765625,4236,10.140000343322754,70350,1998,5513
34.599998474121094,3666.508544921875,1036,40.20000076293945,71050,1993,3491.41845703125
37.79999923706055,3957.267333984375,1025,40.70000076293945,71050,1994,3666.508544921875
46.29999923706055,5167.80517578125,977,48.27000045776367,71050,1995,3957.267333984375
33.29999923706055,4820.11474609375,1009,46.380001068115234,71050,1996,5167.80517578125
32,5026,1002,45.150001525878906,71050,1997,4820.11474609375
42,5831.171875,957,41.86000061035156,71050,1998,5026
42.900001525878906,4496.22119140625,394,45.70000076293945,71060,1993,4369.99267578125
61.900001525878906,4914.6357421875,369,40.599998474121094,71060,1994,4496.22119140625
70,5287.86376953125,375,43.470001220703125,71060,1995,4914.6357421875
26.100000381469727,5677.34228515625,367,41.189998626708984,71060,1996,5287.86376953125
50,5744,376,43.04999923706055,71060,1997,5677.34228515625
41,5693.31884765625,387,38.70000076293945,71060,1998,5744
62.70000076293945,3658.7333984375,959,22,71080,1993,3791.140380859375
58.599998474121094,3869.54443359375,962,23.399999618530273,71080,1994,3658.7333984375
74.5,4271.57470703125,905,25.940000534057617,71080,1995,3869.54443359375
73.69999694824219,4539.828125,911,21.989999771118164,71080,1996,4271.57470703125
64,5029,891,20.450000762939453,71080,1997,4539.828125
87,5110.39892578125,859,24.270000457763672,71080,1998,5029
42.900001525878906,4386.25927734375,1732,35.79999923706055,72000,1993,4198.396484375
50.5,4557.2470703125,1747,36.29999923706055,72000,1994,4386.25927734375
49.599998474121094,5081.44677734375,1759,45.09000015258789,72000,1995,4557.2470703125
53.599998474121094,3524.0439453125,510,43.59000015258789,72000,1996,5081.44677734375
50,5408,1833,43.779998779296875,72000,1997,3524.0439453125
66,3752.549072265625,491,44.599998474121094,72000,1998,5408
29.700000762939453,4462.8994140625,1828,40.599998474121094,72010,1993,3967.31298828125
43.900001525878906,4731.609375,1869,41.20000076293945,72010,1994,4462.8994140625
50,5162.5390625,1918,41.5,72010,1995,4731.609375
53.79999923706055,5175.07666015625,1983,44.310001373291016,72010,1996,5162.5390625
51,5374,2030,40.7400016784668,72010,1997,5175.07666015625
61,5311.27001953125,1989,40.849998474121094,72010,1998,5374
39,4660.60888671875,2005,44.099998474121094,72020,1993,4485.53466796875
39.5,4933.04638671875,2074,45.29999923706055,72020,1994,4660.60888671875
47.599998474121094,5552.20458984375,2134,47.9900016784668,72020,1995,4933.04638671875
51.29999923706055,5714.16845703125,2241,45.81999969482422,72020,1996,5552.20458984375
38,6009,2265,47.560001373291016,72020,1997,5714.16845703125
62,5720.8896484375,2341,49.290000915527344,72020,1998,6009
25.700000762939453,5521.421875,14733,51.599998474121094,73010,1993,5014.05224609375
32.099998474121094,6075.607421875,14414,53.29999923706055,73010,1994,5521.421875
48.79999923706055,6995.01953125,13550,57.40999984741211,73010,1995,6075.607421875
46.29999923706055,6968.29833984375,13452,59.9900016784668,73010,1996,6995.01953125
50,6942,13226,60.630001068115234,73010,1997,6968.29833984375
71,7326.8740234375,12850,63.369998931884766,73010,1998,6942
26.100000381469727,4533.98583984375,1480,30.399999618530273,73030,1993,4241.86767578125
32.099998474121094,4830.162109375,1446,34.5,73030,1994,4533.98583984375
41.29999923706055,5801.80078125,1184,32.25,73030,1995,4830.162109375
39.599998474121094,6244.0537109375,1162,26.170000076293945,73030,1996,5801.80078125
39,5817,1272,32.20000076293945,73030,1997,6244.0537109375
58,5664.763671875,1388,34.38999938964844,73030,1998,5817
64.69999694824219,4946.0654296875,4776,9.899999618530273,73040,1993,4660.56298828125
64.5,5098.7451171875,4820,11.100000381469727,73040,1994,4946.0654296875
72.5999984741211,5729.1337890625,4757,10.569999694824219,73040,1995,5098.7451171875
70.30000305175781,5636.42431640625,4860,10.979999542236328,73040,1996,5729.1337890625
66,5890,4722,11.260000228881836,73040,1997,5636.42431640625
83,5779.96923828125,4764,12.34000015258789,73040,1998,5890
16.200000762939453,6287.8232421875,1658,56.79999923706055,73080,1993,6354.79345703125
20.299999237060547,6655.01025390625,1734,73.80000305175781,73080,1994,6287.8232421875
21.200000762939453,7762.765625,1704,63.790000915527344,73080,1995,6655.01025390625
18.899999618530273,8644.904296875,1663,63.959999084472656,73080,1996,7762.765625
15,7646,1677,64.73999786376953,73080,1997,8644.904296875
43,8537.0244140625,1648,68.5199966430664,73080,1998,7646
36.29999923706055,4593.96533203125,2528,26.600000381469727,73110,1993,4705.17822265625
57.29999923706055,4870.23291015625,2443,29.5,73110,1994,4593.96533203125
64.19999694824219,5545.8857421875,2287,28.260000228881836,73110,1995,4870.23291015625
73.5,5591.4150390625,2256,31.450000762939453,73110,1996,5545.8857421875
59,5685,2262,30.350000381469727,73110,1997,5591.4150390625
91,5772.09228515625,2230,30.229999542236328,73110,1998,5685
54.20000076293945,4292.95849609375,1860,13.100000381469727,73170,1993,4231.57177734375
60.70000076293945,4515.01025390625,1896,15.600000381469727,73170,1994,4292.95849609375
62.70000076293945,4955.06884765625,1889,18.59000015258789,73170,1995,4515.01025390625
70.30000305175781,4932.638671875,1946,18.540000915527344,73170,1996,4955.06884765625
55,5228,1985,21.68000030517578,73170,1997,4932.638671875
66,5240.3740234375,2030,22.389999389648438,73170,1998,5228
51.900001525878906,4829.439453125,3088,31.200000762939453,73180,1993,5110.14599609375
49.70000076293945,5304.51416015625,2798,34.400001525878906,73180,1994,4829.439453125
59.5,6394.72412109375,2493,43.91999816894531,73180,1995,5304.51416015625
58.099998474121094,6416.93115234375,2506,41.959999084472656,73180,1996,6394.72412109375
50,6886,2501,44.25,73180,1997,6416.93115234375
77,6285.10107421875,2629,44.40999984741211,73180,1998,6886
64,5379.2490234375,1116,5.099999904632568,73190,1993,5182.216796875
74.5999984741211,5814.60546875,1103,5.099999904632568,73190,1994,5379.2490234375
89.19999694824219,6104.0546875,1150,5.929999828338623,73190,1995,5814.60546875
69.0999984741211,6323.84326171875,1170,5.840000152587891,73190,1996,6104.0546875
82,6125,1198,5.829999923706055,73190,1997,6323.84326171875
91,5989.70263671875,1208,4.03000020980835,73190,1998,6125
49.400001525878906,4081.920166015625,1278,8.5,73200,1993,4069.126953125
54.400001525878906,4313.57275390625,1264,11,73200,1994,4081.920166015625
69.30000305175781,4672.82470703125,1300,8.539999961853027,73200,1995,4313.57275390625
62.099998474121094,4658.4892578125,1362,8.970000267028809,73200,1996,4672.82470703125
60,4808,1417,9.539999961853027,73200,1997,4658.4892578125
88,4679.11669921875,1479,10.079999923706055,73200,1998,4808
48.400001525878906,4606.18310546875,1491,17.299999237060547,73210,1993,4287.62646484375
47.400001525878906,4886.4775390625,1511,16.600000381469727,73210,1994,4606.18310546875
70.4000015258789,5331.04296875,1491,15.789999961853027,73210,1995,4886.4775390625
66.69999694824219,5527.9921875,1514,14.600000381469727,73210,1996,5331.04296875
60,5590,1543,20,73210,1997,5527.9921875
95,5599.77587890625,1522,16.1299991607666,73210,1998,5590
44.599998474121094,4442.90625,1033,27.100000381469727,73230,1993,4466.0869140625
47,4816.0830078125,1018,23.5,73230,1994,4442.90625
64.4000015258789,5346.84033203125,1028,25.020000457763672,73230,1995,4816.0830078125
55.70000076293945,5353.06884765625,1061,26.59000015258789,73230,1996,5346.84033203125
71,5821,1030,26.700000762939453,73230,1997,5353.06884765625
65,5802.61669921875,1009,24.229999542236328,73230,1998,5821
52.20000076293945,4526.2109375,1286,20.200000762939453,73240,1993,4412.31982421875
54.400001525878906,4795.505859375,1279,26.399999618530273,73240,1994,4526.2109375
74,5592.22412109375,1251,22.65999984741211,73240,1995,4795.505859375
58.400001525878906,5615.96533203125,1266,25.079999923706055,73240,1996,5592.22412109375
59,5804,1323,23.510000228881836,73240,1997,5615.96533203125
81,5697.2578125,1302,21.399999618530273,73240,1998,5804
47.900001525878906,4479.560546875,1663,14.300000190734863,73255,1993,4363.12890625
67.4000015258789,4687.20654296875,1666,13.100000381469727,73255,1994,4479.560546875
74.4000015258789,4944.537109375,1632,15.119999885559082,73255,1995,4687.20654296875
78,5204.74169921875,1638,13.239999771118164,73255,1996,4944.537109375
76,5218,1647,15.319999694824219,73255,1997,5204.74169921875
87,5109.4140625,1666,13.289999961853027,73255,1998,5218
42.70000076293945,3008.958251953125,473,22,74000,1993,4732.6337890625
52.5,5131.23486328125,3958,18.5,74000,1994,3008.958251953125
61.900001525878906,3958.789306640625,486,26.719999313354492,74000,1995,5131.23486328125
57.599998474121094,5763.26953125,3880,25.020000457763672,74000,1996,3958.789306640625
53,4026,496,22.940000534057617,74000,1997,5763.26953125
71,4003.637939453125,498,23.09000015258789,74000,1998,4026
44.79999923706055,4705.0380859375,13932,29.799999237060547,74010,1993,4563.3251953125
46.900001525878906,4813.9169921875,13418,31.200000762939453,74010,1994,4705.0380859375
61.70000076293945,5802.85400390625,12331,37.599998474121094,74010,1995,4813.9169921875
57.5,5847.15087890625,12308,36.619998931884766,74010,1996,5802.85400390625
53,5873,12274,34.54999923706055,74010,1997,5847.15087890625
67,5898.12890625,12255,34.27000045776367,74010,1998,5873
36.20000076293945,5278.1728515625,2553,16,74030,1993,4506.1259765625
60.400001525878906,5537.3583984375,2550,16.299999237060547,74030,1994,5278.1728515625
68.0999984741211,5610.1279296875,2577,20.489999771118164,74030,1995,5537.3583984375
74.69999694824219,5712.12255859375,2544,19.959999084472656,74030,1996,5610.1279296875
69,5573,2592,18.239999771118164,74030,1997,5712.12255859375
72,5671.65625,2609,19.200000762939453,74030,1998,5573
42.599998474121094,4419.5810546875,1564,19.200000762939453,74040,1993,4297.92236328125
44.900001525878906,4655.7998046875,1586,20.5,74040,1994,4419.5810546875
62.70000076293945,4976.1318359375,1608,20.799999237060547,74040,1995,4655.7998046875
48.79999923706055,5208.83349609375,1699,19.1200008392334,74040,1996,4976.1318359375
35,5074,1716,16.979999542236328,74040,1997,5208.83349609375
80,5335.88671875,1738,15.34000015258789,74040,1998,5074
54.20000076293945,6040.13134765625,4913,13.699999809265137,74050,1993,5867.458984375
49.900001525878906,6258.6337890625,4974,12.399999618530273,74050,1994,6040.13134765625
59,6194.6259765625,5084,13.800000190734863,74050,1995,6258.6337890625
59,6301.33837890625,5195,11.920000076293945,74050,1996,6194.6259765625
58,6523,5253,10.100000381469727,74050,1997,6301.33837890625
77,6354.02783203125,5403,9.420000076293945,74050,1998,6523
45.099998474121094,4660.60888671875,2317,6.199999809265137,74100,1993,4707.46630859375
48.5,4725.111328125,2350,8.300000190734863,74100,1994,4660.60888671875
68.30000305175781,5208.8779296875,2392,8.529999732971191,74100,1995,4725.111328125
53.099998474121094,5141.3193359375,2485,8.479999542236328,74100,1996,5208.8779296875
46,5279,2569,8.819999694824219,74100,1997,5141.3193359375
76,5202.95703125,2599,8.8100004196167,74100,1998,5279
34.900001525878906,4708.3701171875,899,15.899999618530273,74120,1993,4498.1181640625
54.79999923706055,4902.72265625,927,17.100000381469727,74120,1994,4708.3701171875
53.599998474121094,5396.33837890625,950,15.989999771118164,74120,1995,4902.72265625
40.79999923706055,5419.56005859375,977,9.40999984741211,74120,1996,5396.33837890625
41,5594,1006,11.3100004196167,74120,1997,5419.56005859375
70,5429.4296875,1003,11.779999732971191,74120,1998,5594
41,4680.60205078125,1943,23.100000381469727,74130,1993,4690.306640625
61.900001525878906,5027.26708984375,1900,23.700000762939453,74130,1994,4680.60205078125
56.900001525878906,5340.521484375,1894,30.479999542236328,74130,1995,5027.26708984375
52.29999923706055,5324.42626953125,1952,22.270000457763672,74130,1996,5340.521484375
57,5523,1978,21.5,74130,1997,5324.42626953125
66,5511.15625,1995,25.420000076293945,74130,1998,5523
34,4126.34912109375,3098,25.799999237060547,75010,1993,4158.35693359375
60.20000076293945,4472.7734375,3084,23.899999618530273,75010,1994,4126.34912109375
67.19999694824219,5083.55322265625,3046,27.780000686645508,75010,1995,4472.7734375
56.79999923706055,5150.52587890625,3022,27.979999542236328,75010,1996,5083.55322265625
67,4993,3127,30.31999969482422,75010,1997,5150.52587890625
72,5277.79150390625,3112,32.4900016784668,75010,1998,4993
13.600000381469727,4302.955078125,297,23.899999618530273,75020,1993,3719.06982421875
45.5,3837.0546875,331,25.200000762939453,75020,1994,4302.955078125
34.79999923706055,4633.85791015625,322,26.530000686645508,75020,1995,3837.0546875
33.29999923706055,4809.88525390625,321,21.649999618530273,75020,1996,4633.85791015625
58,4863,325,18.860000610351562,75020,1997,4809.88525390625
73,4679.11669921875,349,32.72999954223633,75020,1998,4863
28.600000381469727,4469.56396484375,1100,29.200000762939453,75030,1993,4164.0771484375
58.900001525878906,5275.2734375,965,31.299999237060547,75030,1994,4469.56396484375
63.5,5554.31103515625,868,30.739999771118164,75030,1995,5275.2734375
60.70000076293945,5701.89306640625,846,26.450000762939453,75030,1996,5554.31103515625
69,5769,885,25.31999969482422,75030,1997,5701.89306640625
82,5745.50634765625,875,29.780000686645508,75030,1998,5769
27.700000762939453,3929.750732421875,1067,32.5,75040,1993,3807.156005859375
39.20000076293945,4220.43505859375,1029,31.100000381469727,75040,1994,3929.750732421875
54.400001525878906,5159.3798828125,1001,39.11000061035156,75040,1995,4220.43505859375
40,4882.51416015625,1031,32.20000076293945,75040,1996,5159.3798828125
35,5128,989,31.079999923706055,75040,1997,4882.51416015625
59,5435.33740234375,961,41.060001373291016,75040,1998,5128
54.70000076293945,4103.02392578125,1623,17.299999237060547,75050,1993,4055.399169921875
51.5,4453.279296875,1603,18.100000381469727,75050,1994,4103.02392578125
59.5,4875.029296875,1643,15.84000015258789,75050,1995,4453.279296875
57.70000076293945,5165.8701171875,1672,16.59000015258789,75050,1996,4875.029296875
55,5268,1722,18.06999969482422,75050,1997,5165.8701171875
72,5314.22412109375,1729,19.43000030517578,75050,1998,5268
40,4448.4599609375,740,20.200000762939453,75060,1993,4420.32763671875
31.5,4576.74072265625,756,20.600000381469727,75060,1994,4448.4599609375
56.599998474121094,5209.93115234375,732,20.190000534057617,75060,1995,4576.74072265625
55.29999923706055,5188.37451171875,731,19.350000381469727,75060,1996,5209.93115234375
58,5318,761,19.309999465942383,75060,1997,5188.37451171875
70,5342.779296875,775,25.3799991607666,75060,1998,5318
29.5,3966.40478515625,1260,19,75070,1993,3771.69287109375
38.79999923706055,4219.35205078125,1237,19.700000762939453,75070,1994,3966.40478515625
44.70000076293945,4737.06689453125,1161,20.8700008392334,75070,1995,4219.35205078125
32.099998474121094,4889.6748046875,1177,25.8700008392334,75070,1996,4737.06689453125
40,5113,1152,28.530000686645508,75070,1997,4889.6748046875
56,5574.1748046875,1149,30.420000076293945,75070,1998,5113
48.400001525878906,4107.466796875,3271,29.299999237060547,75080,1993,4112.59814453125
53.099998474121094,4426.20458984375,3247,31,75080,1994,4107.466796875
55.099998474121094,5266.80078125,2970,29.75,75080,1995,4426.20458984375
56.400001525878906,5704.9619140625,2863,30.469999313354492,75080,1996,5266.80078125
54,5320,2971,32.25,75080,1997,5704.9619140625
70,5404.81298828125,2977,33.66999816894531,75080,1998,5320
21.100000381469727,3203.33544921875,224,11.199999809265137,75100,1993,2965.18896484375
52.20000076293945,3292.3076171875,222,27.700000762939453,75100,1994,3203.33544921875
55,4515.9052734375,183,24.139999389648438,75100,1995,3292.3076171875
64.30000305175781,5046.185546875,180,0,75100,1996,4515.9052734375
56,5196,171,0,75100,1997,5046.185546875
75,5201.97216796875,168,0,75100,1998,5196
57,4013.05517578125,1215,29.399999618530273,76060,1993,4118.31787109375
46.29999923706055,4518.25927734375,1194,26.799999237060547,76060,1994,4013.05517578125
69.30000305175781,5073.021484375,1085,27.020000457763672,76060,1995,4518.25927734375
81.19999694824219,5142.34228515625,1118,23.299999237060547,76060,1996,5073.021484375
79,5438,1134,24.850000381469727,76060,1997,5142.34228515625
85,5454.0458984375,1124,23.190000534057617,76060,1998,5438
22.399999618530273,3963.072509765625,747,35.599998474121094,76070,1993,3891.810302734375
37.70000076293945,4197.6923828125,744,34,76070,1994,3963.072509765625
52.400001525878906,5053.01171875,760,36.470001220703125,76070,1995,4197.6923828125
48.099998474121094,5449.2255859375,729,37.5,76070,1996,5053.01171875
55,5405,741,38.959999084472656,76070,1997,5449.2255859375
47,5655.90185546875,710,39.150001525878906,76070,1998,5405
44.099998474121094,3969.73681640625,2375,27.5,76080,1993,3912.402099609375
45.400001525878906,4404.54443359375,2397,28.600000381469727,76080,1994,3969.73681640625
59.79999923706055,4783.4052734375,2358,29.459999084472656,76080,1995,4404.54443359375
48.900001525878906,4778.173828125,2409,27.90999984741211,76080,1996,4783.4052734375
45,4835,2474,26.639999389648438,76080,1997,4778.173828125
76,4798.2607421875,2535,27.860000610351562,76080,1998,4835
32.099998474121094,3873.103759765625,1055,23.200000762939453,76090,1993,3811.73193359375
39,4383.9677734375,1054,22.399999618530273,76090,1994,3873.103759765625
55.400001525878906,5230.994140625,976,22.979999542236328,76090,1995,4383.9677734375
50.599998474121094,5243.61376953125,972,25.18000030517578,76090,1996,5230.994140625
33,5196,987,26.489999771118164,76090,1997,5243.61376953125
72,5310.28515625,953,36.400001525878906,76090,1998,5196
49,4114.13134765625,1477,30.100000381469727,76140,1993,4007.35205078125
51.900001525878906,4509.59521484375,1524,31.899999618530273,76140,1994,4114.13134765625
60.400001525878906,5188.8681640625,1486,31.229999542236328,76140,1995,4509.59521484375
62.099998474121094,5362.275390625,1469,35.22999954223633,76140,1996,5188.8681640625
70,5226,1454,30.940000534057617,76140,1997,5362.275390625
84,5718.92041015625,1448,33.81999969482422,76140,1998,5226
35.900001525878906,4136.345703125,538,31,76180,1993,3983.32861328125
27.899999618530273,4426.20458984375,553,32.900001525878906,76180,1994,4136.345703125
63.900001525878906,4870.81689453125,574,33.209999084472656,76180,1995,4426.20458984375
68.0999984741211,4958.21240234375,585,31.389999389648438,76180,1996,4870.81689453125
59,5220,583,29.139999389648438,76180,1997,4958.21240234375
39,5071.9970703125,577,29.809999465942383,76180,1998,5220
48.599998474121094,4195.21435546875,1539,26.600000381469727,76210,1993,4078.27880859375
39.29999923706055,4733.775390625,1527,30.399999618530273,76210,1994,4195.21435546875
64.5999984741211,5165.69873046875,1489,26.18000030517578,76210,1995,4733.775390625
68.9000015258789,5283.5087890625,1505,30.969999313354492,76210,1996,5165.69873046875
65,5564,1476,33.779998779296875,76210,1997,5283.5087890625
71,5522.97216796875,1474,32.900001525878906,76210,1998,5564
41.599998474121094,4817.22119140625,1330,45.099998474121094,77010,1993,4265.89111328125
45.29999923706055,4625.4755859375,1394,45.79999923706055,77010,1994,4817.22119140625
62.20000076293945,5362.6376953125,1297,43.06999969482422,77010,1995,4625.4755859375
73.19999694824219,5548.451171875,1286,44.400001525878906,77010,1996,5362.6376953125
69,5715,1306,44.630001068115234,77010,1997,5548.451171875
95,5909.94482421875,1270,44.4900016784668,77010,1998,5715
46.099998474121094,4096.35986328125,1168,16.5,78020,1993,4184.66845703125
34.599998474121094,4598.40087890625,1160,16.399999618530273,78020,1994,4096.35986328125
51.400001525878906,5111.98779296875,1178,15.880000114440918,78020,1995,4598.40087890625
48.20000076293945,5359.20654296875,1179,12.640000343322754,78020,1996,5111.98779296875
41,5592,1177,15.260000228881836,78020,1997,5359.20654296875
76,5492.44775390625,1170,15.420000076293945,78020,1998,5592
41.599998474121094,4431.79931640625,2347,24.5,78030,1993,4257.88330078125
58.900001525878906,4771.68017578125,2308,22.100000381469727,78030,1994,4431.79931640625
63.599998474121094,5444.783203125,2219,22.010000228881836,78030,1995,4771.68017578125
58.400001525878906,5717.2373046875,2174,20.760000228881836,78030,1996,5444.783203125
56,5763,2176,19.75,78030,1997,5717.2373046875
71,5699.22705078125,2127,23.110000610351562,78030,1998,5763
47.099998474121094,4782.78857421875,1135,11.699999809265137,78040,1993,4678.86669921875
48.900001525878906,5129.06884765625,1148,9,78040,1994,4782.78857421875
68.5999984741211,5540.6201171875,1189,10.710000038146973,78040,1995,5129.06884765625
88.9000015258789,5768.38427734375,1195,9.25,78040,1996,5540.6201171875
86,5373,1221,10.149999618530273,78040,1997,5768.38427734375
93,5475.70849609375,1237,11.170000076293945,78040,1998,5373
33.29999923706055,4816.1103515625,666,16.799999237060547,78060,1993,4864.19091796875
46.599998474121094,4849.65576171875,714,19.200000762939453,78060,1994,4816.1103515625
45.5,5644.8818359375,690,16.829999923706055,78060,1995,4849.65576171875
60.400001525878906,5723.37451171875,698,16.979999542236328,78060,1996,5644.8818359375
61,5781,694,15.989999771118164,78060,1997,5723.37451171875
83,5781.9384765625,665,16.299999237060547,78060,1998,5781
50,4449.57080078125,913,8.699999809265137,78070,1993,4421.4716796875
48.20000076293945,4911.38671875,892,8.800000190734863,78070,1994,4449.57080078125
55.099998474121094,5477.43115234375,862,11.760000228881836,78070,1995,4911.38671875
58,5614.9423828125,852,11.350000381469727,78070,1996,5477.43115234375
70,5103,882,11.510000228881836,78070,1997,5614.9423828125
88,5523.95703125,858,11.539999961853027,78070,1998,5103
45.70000076293945,4762.7958984375,2040,19.600000381469727,78080,1993,4244.1552734375
43.400001525878906,4923.2998046875,1940,21.5,78080,1994,4762.7958984375
45.79999923706055,5524.82275390625,1914,19.770000457763672,78080,1995,4923.2998046875
50.599998474121094,5703.93896484375,1924,19.209999084472656,78080,1996,5524.82275390625
69,5809,1920,20.639999389648438,78080,1997,5703.93896484375
65,5928.6533203125,1908,17.719999313354492,78080,1998,5809
49.599998474121094,4445.1279296875,2102,20.5,78100,1993,4245.29931640625
53.400001525878906,4505.26318359375,2064,19.600000381469727,78100,1994,4445.1279296875
69.19999694824219,5376.32861328125,2051,19.829999923706055,78100,1995,4505.26318359375
69.4000015258789,5438.99609375,2067,19.06999969482422,78100,1996,5376.32861328125
63,5203,2110,22.209999084472656,78100,1997,5438.99609375
88,5491.46337890625,2159,22.780000686645508,78100,1998,5203
33.400001525878906,4264.07958984375,4630,27.200000762939453,78110,1993,4326.52197265625
39.900001525878906,4402.37841796875,4633,28.899999618530273,78110,1994,4264.07958984375
53.5,5078.287109375,4527,27.200000762939453,78110,1995,4402.37841796875
44.29999923706055,5203.71875,4591,26.549999237060547,78110,1996,5078.287109375
50,5499,4489,26.260000228881836,78110,1997,5203.71875
68,5661.81005859375,4427,24.93000030517578,78110,1998,5499
39.20000076293945,4481.78173828125,622,14.899999618530273,79010,1993,4542.7333984375
60.5,4763.01611328125,613,32.5,79010,1994,4481.78173828125
59.599998474121094,5623.81884765625,589,32.25,79010,1995,4763.01611328125
72.69999694824219,5722.3515625,569,34.540000915527344,79010,1996,5623.81884765625
49,5754,552,34.959999084472656,79010,1997,5722.3515625
66,6173.83447265625,500,38.52000045776367,79010,1998,5754
44.79999923706055,4259.63671875,2505,30.600000381469727,79020,1993,4109.166015625
45.400001525878906,4519.34228515625,2493,27.100000381469727,79020,1994,4259.63671875
52,5083.55322265625,2310,30.940000534057617,79020,1995,4519.34228515625
52.20000076293945,5258.9580078125,2311,28.350000381469727,79020,1996,5083.55322265625
47,5371,2377,31.81999969482422,79020,1997,5258.9580078125
66,5366.4111328125,2400,30.719999313354492,79020,1998,5371
49.599998474121094,3828.674560546875,1646,29,79030,1993,3703.05419921875
51.599998474121094,4069.89892578125,1672,30.399999618530273,79030,1994,3828.674560546875
50.900001525878906,4846.59423828125,1630,28.65999984741211,79030,1995,4069.89892578125
73.80000305175781,5106.5390625,1620,24.110000610351562,79030,1996,4846.59423828125
66,5336,1622,24.299999237060547,79030,1997,5106.5390625
80,5227.57373046875,1662,27.299999237060547,79030,1998,5336
20.600000381469727,4295.1796875,759,48.400001525878906,79080,1993,4396.30419921875
39.29999923706055,4568.0771484375,774,46.29999923706055,79080,1994,4295.1796875
47.900001525878906,5298.3955078125,768,47.119998931884766,79080,1995,4568.0771484375
58.20000076293945,5412.3994140625,748,47.7400016784668,79080,1996,5298.3955078125
38,5281,786,48.34000015258789,79080,1997,5412.3994140625
84,5716.951171875,772,43.130001068115234,79080,1998,5281
41.400001525878906,4254.0830078125,1371,30.600000381469727,79090,1993,4173.22900390625
28.700000762939453,4705.6171875,1342,29.899999618530273,79090,1994,4254.0830078125
52.599998474121094,5537.46044921875,1315,32.290000915527344,79090,1995,4705.6171875
43.79999923706055,5629.263671875,1304,26.549999237060547,79090,1996,5537.46044921875
59,5733,1280,27.950000762939453,79090,1997,5629.263671875
72,5601.74560546875,1277,37.290000915527344,79090,1998,5733
41.599998474121094,4332.9443359375,1766,16.299999237060547,79100,1993,3944.433349609375
37.79999923706055,4761.93310546875,1733,20.700000762939453,79100,1994,4332.9443359375
40.599998474121094,5392.1259765625,1728,22.100000381469727,79100,1995,4761.93310546875
42.099998474121094,5521.8544921875,1776,20.760000228881836,79100,1996,5392.1259765625
48,5842,1764,23.280000686645508,79100,1997,5521.8544921875
71,5782.92333984375,1782,22.850000381469727,79100,1998,5842
39,4107.466796875,1161,24.600000381469727,79110,1993,3913.5458984375
46.400001525878906,4560.49609375,1136,25.899999618530273,79110,1994,4107.466796875
61.099998474121094,5219.4091796875,1118,29.940000534057617,79110,1995,4560.49609375
61.099998474121094,5392.9638671875,1104,28.170000076293945,79110,1996,5219.4091796875
61,5201,1123,29.75,79110,1997,5392.9638671875
78,5406.7822265625,1114,30.610000610351562,79110,1998,5201
54.400001525878906,4556.20068359375,930,25.200000762939453,79145,1993,4598.7880859375
68.9000015258789,4742.439453125,954,25.799999237060547,79145,1994,4556.20068359375
49.20000076293945,5626.97802734375,922,27.700000762939453,79145,1995,4742.439453125
49.099998474121094,5510.60205078125,937,30.18000030517578,79145,1996,5626.97802734375
64,5595,921,30.280000686645508,79145,1997,5510.60205078125
64,5696.27294921875,918,28.729999542236328,79145,1998,5595
33.099998474121094,4129.681640625,1858,27.700000762939453,79150,1993,3850.627197265625
34.5,4630.890625,1929,29.700000762939453,79150,1994,4129.681640625
56.5,4965.60009765625,1884,31.510000228881836,79150,1995,4630.890625
35.79999923706055,5437.97314453125,1885,31.18000030517578,79150,1996,4965.60009765625
56,5225,1979,31.100000381469727,79150,1997,5437.97314453125
65,5045.4111328125,2009,31.780000686645508,79150,1998,5225
45.599998474121094,4408.47412109375,1450,36.20000076293945,80000,1993,4121.75
44.20000076293945,5027.26708984375,1464,37.20000076293945,80000,1994,4408.47412109375
60.900001525878906,5267.85400390625,1418,38.45000076293945,80000,1995,5027.26708984375
56.400001525878906,5356.1376953125,1443,36.36000061035156,80000,1996,5267.85400390625
54,5425,1464,37.72999954223633,80000,1997,5356.1376953125
70,3876.616455078125,442,38.95000076293945,80000,1998,5425
47.79999923706055,4106.3564453125,2901,39.29999923706055,80010,1993,3763.68505859375
46.20000076293945,4517.17626953125,2935,41.20000076293945,80010,1994,4106.3564453125
66.5,5385.80712890625,2724,42.470001220703125,80010,1995,4517.17626953125
49.5,5188.37451171875,2746,40.939998626708984,80010,1996,5385.80712890625
59,5426,2786,41.34000015258789,80010,1997,5188.37451171875
73,5436.322265625,2809,44.72999954223633,80010,1998,5426
23.5,4137.45654296875,1668,52.29999923706055,80020,1993,3792.284423828125
26.5,4370.9716796875,1715,54.5,80020,1994,4137.45654296875
38.599998474121094,5212.037109375,1637,57.77000045776367,80020,1995,4370.9716796875
30.600000381469727,5415.46826171875,1646,55.959999084472656,80020,1996,5212.037109375
26,5179,1690,57.880001068115234,80020,1997,5415.46826171875
38,5434.3525390625,1658,61.400001525878906,80020,1998,5179
26.899999618530273,4232.97900390625,1267,43.29999923706055,80050,1993,4093.150390625
35.70000076293945,4463.0263671875,1260,42.20000076293945,80050,1994,4232.97900390625
42.70000076293945,5022.47021484375,1223,49.63999938964844,80050,1995,4463.0263671875
43.400001525878906,5378.642578125,1191,44.2599983215332,80050,1996,5022.47021484375
41,5177,1213,46.04999923706055,80050,1997,5378.642578125
78,5534.78857421875,1166,50.93000030517578,80050,1998,5177
21.899999618530273,4151.89599609375,1266,51,80090,1993,4151.4931640625
20,4457.611328125,1310,52.79999923706055,80090,1994,4151.89599609375
51.900001525878906,5125.67919921875,1325,54.56999969482422,80090,1995,4457.611328125
43.900001525878906,5375.57373046875,1371,53.29999923706055,80090,1996,5125.67919921875
44,5582,1365,55.959999084472656,80090,1997,5375.57373046875
66,5956.22412109375,1356,53.349998474121094,80090,1998,5582
55.599998474121094,4219.650390625,964,16.899999618530273,80110,1993,3921.5537109375
54,4569.16015625,945,16.799999237060547,80110,1994,4219.650390625
84.5,4999.30078125,945,19.579999923706055,80110,1995,4569.16015625
77.9000015258789,5049.25439453125,984,19.84000015258789,80110,1996,4999.30078125
63,5153,1003,19.239999771118164,80110,1997,5049.25439453125
89,5245.29736328125,1023,22.5,80110,1998,5153
40,4820.55322265625,1534,54.20000076293945,80120,1993,4235.00341796875
47,4827.99609375,1570,55.599998474121094,80120,1994,4820.55322265625
53.79999923706055,5782.84423828125,1403,55.88999938964844,80120,1995,4827.99609375
59.29999923706055,5650.74560546875,1427,56.18000030517578,80120,1996,5782.84423828125
53,6034,1423,58.310001373291016,80120,1997,5650.74560546875
73,6032.04296875,1434,58.380001068115234,80120,1998,6034
41.29999923706055,4301.84423828125,799,39.20000076293945,80130,1993,4170.94091796875
64.19999694824219,4547.5,810,40.70000076293945,80130,1994,4301.84423828125
53.79999923706055,5197.29296875,813,40.29999923706055,80130,1995,4547.5
51.599998474121094,5121.88330078125,832,38.38999938964844,80130,1996,5197.29296875
50,5375,844,35.310001373291016,80130,1997,5121.88330078125
73,5590.9140625,860,37.470001220703125,80130,1998,5375
35,4419.5810546875,1144,31.200000762939453,80140,1993,4180.0927734375
38.20000076293945,4441.3662109375,1171,30.100000381469727,80140,1994,4419.5810546875
52.599998474121094,5143.58251953125,1175,29.520000457763672,80140,1995,4441.3662109375
61,5315.2197265625,1195,27.969999313354492,80140,1996,5143.58251953125
41,5399,1239,34.66999816894531,80140,1997,5315.2197265625
75,5744.521484375,1212,33.5099983215332,80140,1998,5399
73.5,3881.989501953125,2718,10.699999809265137,80150,1993,4137.765625
74,3968.09716796875,2793,10.100000381469727,80150,1994,3881.989501953125
81.80000305175781,4617.0078125,2842,8.300000190734863,80150,1995,3968.09716796875
83.0999984741211,4574.60791015625,2966,8.949999809265137,80150,1996,4617.0078125
77,4986,2997,9.5600004196167,80150,1997,4574.60791015625
84,5023.74853515625,3073,9.619999885559082,80150,1998,4986
54,3906.425537109375,2303,21,80160,1993,3868.930908203125
52.099998474121094,4289.7470703125,2276,20.5,80160,1994,3906.425537109375
52.70000076293945,4970.8662109375,2108,22.280000686645508,80160,1995,4289.7470703125
49.099998474121094,4929.56982421875,2186,21.200000762939453,80160,1996,4970.8662109375
61,4985,2220,21.450000762939453,80160,1997,4929.56982421875
67,5059.1962890625,2233,21.31999969482422,80160,1998,4985
50.099998474121094,5703.5810546875,4050,16.899999618530273,81000,1993,5714.166015625
59.20000076293945,5928.31982421875,4075,17.299999237060547,81000,1994,5703.5810546875
65.69999694824219,4479.044921875,525,20.610000610351562,81000,1995,5928.31982421875
63.599998474121094,4486.634765625,523,21.309999465942383,81000,1996,4479.044921875
61,4502,534,20.90999984741211,81000,1997,4486.634765625
70,7055.107421875,3329,21.110000610351562,81000,1998,4502
59.400001525878906,7698.4462890625,14570,19,81010,1993,7602.87255859375
65,7826.81201171875,14926,18.600000381469727,81010,1994,7698.4462890625
68.5,8202.982421875,15091,18.290000915527344,81010,1995,7826.81201171875
69.9000015258789,8222.4287109375,15255,18.3799991607666,81010,1996,8202.982421875
66,7984,15587,16.950000762939453,81010,1997,8222.4287109375
77,7762.09521484375,15801,17.459999084472656,81010,1998,7984
35.70000076293945,7376.33544921875,5466,32.900001525878906,81020,1993,7481.61083984375
39.79999923706055,7159.68603515625,5195,33.79999923706055,81020,1994,7376.33544921875
51.29999923706055,7123.50390625,4911,41.220001220703125,81020,1995,7159.68603515625
44.599998474121094,7382.5908203125,4809,45.83000183105469,81020,1996,7123.50390625
47,7141,4938,47.47999954223633,81020,1997,7382.5908203125
51,7303.2421875,4957,50.709999084472656,81020,1998,7141
47.599998474121094,5631.3837890625,2496,3.4000000953674316,81040,1993,5412.15625
63.900001525878906,6071.275390625,2542,4.400000095367432,81040,1994,5631.3837890625
64.19999694824219,6115.6396484375,2684,4.260000228881836,81040,1995,6071.275390625
64.5,6369.87548828125,2711,3.809999942779541,81040,1996,6115.6396484375
64,6627,2763,4.010000228881836,81040,1997,6369.87548828125
62,6946.79443359375,2821,3.430000066757202,81040,1998,6627
66.5,5814.65380859375,2168,6.099999904632568,81050,1993,5888.05078125
73,5888.2490234375,2291,5.599999904632568,81050,1994,5814.65380859375
75,6450.541015625,2401,5.75,81050,1995,5888.2490234375
70,6566.28125,2582,5.539999961853027,81050,1996,6450.541015625
62,6970,2637,3.7100000381469727,81050,1997,6566.28125
76,6517.4814453125,2768,5.269999980926514,81050,1998,6970
40.900001525878906,4849.43212890625,3394,15.199999809265137,81070,1993,4649.12353515625
45.400001525878906,5214.62548828125,3386,17.399999618530273,81070,1994,4849.43212890625
57.29999923706055,5826.0234375,3494,16.520000457763672,81070,1995,5214.62548828125
46,5700.8701171875,3810,17.709999084472656,81070,1996,5826.0234375
48,6140,3957,18.170000076293945,81070,1997,5700.8701171875
61,6204.35888671875,4052,16.940000534057617,81070,1998,6140
70,5107.12109375,1133,13,81080,1993,5130.73779296875
63.400001525878906,5307.76318359375,1166,12.100000381469727,81080,1994,5107.12109375
77.19999694824219,5718.60205078125,1172,10.600000381469727,81080,1995,5307.76318359375
64.4000015258789,5564.818359375,1234,10.90999984741211,81080,1996,5718.60205078125
54,6053,1235,10.880000114440918,81080,1997,5564.818359375
62,6080.29150390625,1244,12.170000076293945,81080,1998,6053
48.099998474121094,4834.99267578125,2405,9.600000381469727,81100,1993,4776.10498046875
69.69999694824219,4954.70654296875,2465,11,81100,1994,4834.99267578125
65.80000305175781,5814.43896484375,1992,11.819999694824219,81100,1995,4954.70654296875
71.4000015258789,5738.71875,2125,12.510000228881836,81100,1996,5814.43896484375
69,6028,2175,13.09000015258789,81100,1997,5738.71875
73,6046.81298828125,2228,13.319999694824219,81100,1998,6028
48.20000076293945,5566.9619140625,3499,4.199999809265137,81120,1993,5860.59521484375
70.9000015258789,5922.90478515625,3652,5.199999809265137,81120,1994,5566.9619140625
80.5999984741211,5997.68701171875,3951,5,81120,1995,5922.90478515625
76.9000015258789,6088.56591796875,4084,5.619999885559082,81120,1996,5997.68701171875
75,6015,4335,5.329999923706055,81120,1997,6088.56591796875
85,6325.47216796875,4491,4.400000095367432,81120,1998,6015
50.599998474121094,4867.2041015625,1119,20.399999618530273,81140,1993,5202.80810546875
47.099998474121094,4983.947265625,1147,18.399999618530273,81140,1994,4867.2041015625
55.20000076293945,5624.8720703125,1199,19.15999984741211,81140,1995,4983.947265625
46,6263.4892578125,1195,17.610000610351562,81140,1996,5624.8720703125
60,6528,1188,18.309999465942383,81140,1997,6263.4892578125
70,5961.1474609375,1218,18.530000686645508,81140,1998,6528
34.20000076293945,5285.94775390625,4254,45.20000076293945,81150,1993,5133.02587890625
54.099998474121094,5947.81396484375,3981,46.20000076293945,81150,1994,5285.94775390625
55.79999923706055,7058.20849609375,3306,43.0099983215332,81150,1995,5947.81396484375
52.79999923706055,7643.44189453125,3238,50.16999816894531,81150,1996,7058.20849609375
45,8029,3222,53.619998931884766,81150,1997,7643.44189453125
60,7481.46630859375,3335,52.380001068115234,81150,1998,8029
27.299999237060547,5879.07568359375,183151,67.9000015258789,82010,1993,5698.150390625
33,6437.328125,182916,63.400001525878906,82010,1994,5879.07568359375
47.400001525878906,7109.81298828125,170855,62.369998931884766,82010,1995,6437.328125
48.5,7520.6884765625,173749,64.4000015258789,82010,1996,7109.81298828125
49,6984,175798,71.43000030517578,82010,1997,7520.6884765625
65,7226.4384765625,174730,69.98999786376953,82010,1998,6984
30.600000381469727,5503.650390625,2822,8,82020,1993,4928.25390625
51.5,5815.6884765625,2908,8.600000381469727,82020,1994,5503.650390625
55.20000076293945,6166.19091796875,3052,6.940000057220459,82020,1995,5815.6884765625
65.5,6226.66357421875,3120,7.369999885559082,82020,1996,6166.19091796875
74,6189,3179,7.110000133514404,82020,1997,6226.66357421875
81,6013.33447265625,3238,6.409999847412109,82020,1998,6189
44.20000076293945,6518.8544921875,13608,32.29999923706055,82030,1993,6733.44970703125
48.599998474121094,7386.0322265625,13664,32,82030,1994,6518.8544921875
60.900001525878906,7576.35791015625,14229,34.5099983215332,82030,1995,7386.0322265625
74.30000305175781,7614.79931640625,14957,35.939998626708984,82030,1996,7576.35791015625
71,7652,15592,39.04999923706055,82030,1997,7614.79931640625
84,7620.3037109375,15878,34.63999938964844,82030,1998,7652
40.70000076293945,4751.6884765625,3480,18,82040,1993,4635.3955078125
40,4700.20263671875,3501,20.700000762939453,82040,1994,4751.6884765625
67.5999984741211,5967.1455078125,2120,22.8700008392334,82040,1995,4700.20263671875
65.9000015258789,6140.736328125,2214,26.030000686645508,82040,1996,5967.1455078125
47,5687,2358,25.600000381469727,82040,1997,6140.736328125
68,5400.8740234375,2423,26.149999618530273,82040,1998,5687
31.899999618530273,6603.26953125,2137,28,82045,1993,6842.12744140625
41.5,6812.04443359375,2105,30.299999237060547,82045,1994,6603.26953125
39.900001525878906,6963.4248046875,2220,32.849998474121094,82045,1995,6812.04443359375
43.70000076293945,6630.7265625,2209,32.599998474121094,82045,1996,6963.4248046875
41,7021,2232,29.979999542236328,82045,1997,6630.7265625
61,7392.8466796875,2235,30.100000381469727,82045,1998,7021
31.700000762939453,5309.27294921875,6421,13.100000381469727,82050,1993,5289.75048828125
48,5315.34423828125,6368,12.600000381469727,82050,1994,5309.27294921875
62.400001525878906,6150.3935546875,5284,11.5600004196167,82050,1995,5315.34423828125
55.400001525878906,6511.0419921875,5243,13.4399995803833,82050,1996,6150.3935546875
46,6428,5367,10.5600004196167,82050,1997,6511.0419921875
62,6264.42333984375,5412,10.260000228881836,82050,1998,6428
72.5999984741211,7590.70556640625,7685,2.700000047683716,82055,1993,7694.390625
74.19999694824219,7911.28564453125,7793,3.299999952316284,82055,1994,7590.70556640625
84.69999694824219,8177.70654296875,8066,2.859999895095825,82055,1995,7911.28564453125
87.19999694824219,7947.25634765625,8158,2.25,82055,1996,8177.70654296875
86,7922,8395,2.549999952316284,82055,1997,7947.25634765625
91,8198.30078125,8468,3.130000114440918,82055,1998,7922
16.799999237060547,4378.484375,4024,73.80000305175781,82060,1993,4361.98486328125
23.299999237060547,5260.111328125,3426,78.69999694824219,82060,1994,4378.484375
37.70000076293945,6252.548828125,2894,76.83000183105469,82060,1995,5260.111328125
44.5,6100.84130859375,2946,75.86000061035156,82060,1996,6252.548828125
38,5527,3236,75.970001220703125,82060,1997,6100.84130859375
47,6018.2578125,3367,73.5999984741211,82060,1998,5527
7.599999904632568,6182.30419921875,5695,79.5999984741211,82070,1993,5866.31494140625
8.300000190734863,6701.5791015625,5112,59.79999923706055,82070,1994,6182.30419921875
17.899999618530273,7942.85400390625,3407,69.5199966430664,82070,1995,6701.5791015625
24.399999618530273,7485.908203125,3359,53.40999984741211,82070,1996,7942.85400390625
39,7568,3734,80.4000015258789,82070,1997,7485.908203125
28,8047.6474609375,3629,87.79000091552734,82070,1998,7568
16.600000381469727,5651.376953125,2631,61.099998474121094,82080,1993,5361.8212890625
35.20000076293945,6368.01611328125,2378,54,82080,1994,5651.376953125
58.20000076293945,8105.0390625,2112,60.08000183105469,82080,1995,6368.01611328125
60.79999923706055,7998.4033203125,2171,58.18000030517578,82080,1996,8105.0390625
25,7903,1982,60.220001220703125,82080,1997,7998.4033203125
41,8972.2451171875,1799,70.44999694824219,82080,1998,7903
24.700000762939453,4972.72314453125,6081,24,82090,1993,4790.9765625
45.599998474121094,5466.96337890625,5899,26,82090,1994,4972.72314453125
43.29999923706055,5720.70849609375,5645,27.920000076293945,82090,1995,5466.96337890625
58.29999923706055,5761.2236328125,5603,33.56999969482422,82090,1996,5720.70849609375
46,5984,5651,33.61000061035156,82090,1997,5761.2236328125
59,5990.68701171875,5675,33.70000076293945,82090,1998,5984
41.5,6595.49462890625,16793,4.5,82095,1993,6848.99169921875
49,6952.833984375,16904,4.900000095367432,82095,1994,6595.49462890625
67.19999694824219,6862.32275390625,17603,4.860000133514404,82095,1995,6952.833984375
74.5,7165.7265625,17825,6.610000133514404,82095,1996,6862.32275390625
69,6948,18098,4.460000038146973,82095,1997,7165.7265625
77,6737.0615234375,18346,4.570000171661377,82095,1998,6948
51.20000076293945,5609.16943359375,15006,5.900000095367432,82100,1993,5362.96484375
54.70000076293945,5518.947265625,14911,6.5,82100,1994,5609.16943359375
65.30000305175781,6169.35009765625,15008,7.070000171661377,82100,1995,5518.947265625
72.69999694824219,6191.88330078125,15424,6.849999904632568,82100,1996,6169.35009765625
67,6150,15865,7.099999904632568,82100,1997,6191.88330078125
80,6181.7119140625,15909,7.610000133514404,82100,1998,6150
45,4660.60888671875,7003,21.299999237060547,82110,1993,4667.4267578125
47.400001525878906,4602.73291015625,6243,22.600000381469727,82110,1994,4660.60888671875
58.29999923706055,5387.9130859375,5203,25.190000534057617,82110,1995,4602.73291015625
67.30000305175781,5531.06103515625,5128,23.979999542236328,82110,1996,5387.9130859375
48,6231,5056,25.56999969482422,82110,1997,5531.06103515625
73,6607.0859375,4964,24.799999237060547,82110,1998,6231
25,6688.79541015625,2316,65,82120,1993,6321.6181640625
15.300000190734863,7144.5244140625,2369,64,82120,1994,6688.79541015625
49.70000076293945,8153.48388671875,2310,62.439998626708984,82120,1995,7144.5244140625
61.79999923706055,8346.2041015625,2352,62.189998626708984,82120,1996,8153.48388671875
55,9176,2352,63.54999923706055,82120,1997,8346.2041015625
53,8317.4443359375,2546,64.089996337890625,82120,1998,9176
22.799999237060547,7246.38037109375,3989,36.5,82130,1993,7233.36767578125
25.100000381469727,7749.9189453125,3915,39,82130,1994,7246.38037109375
43.79999923706055,7937.58837890625,3862,37.939998626708984,82130,1995,7749.9189453125
61,7673.10693359375,3968,41.79999923706055,82130,1996,7937.58837890625
56,6717,5076,43.2400016784668,82130,1997,7673.10693359375
73,8024.01513671875,4093,44.68000030517578,82130,1998,6717
41.20000076293945,6244.5048828125,3233,10.600000381469727,82140,1993,6178.62060546875
63.29999923706055,6214.23095703125,3347,11.300000190734863,82140,1994,6244.5048828125
67.5999984741211,6539.005859375,3381,10.210000038146973,82140,1995,6214.23095703125
73.4000015258789,6514.11083984375,3383,10.010000228881836,82140,1996,6539.005859375
53,6523,3472,13.180000305175781,82140,1997,6514.11083984375
77,6887.71484375,3449,15.15999984741211,82140,1998,6523
26.600000381469727,5841.31103515625,12605,34.29999923706055,82150,1993,5939.52978515625
30.600000381469727,6001.96337890625,12045,37.20000076293945,82150,1994,5841.31103515625
53,6682.23388671875,11677,35.540000915527344,82150,1995,6001.96337890625
57,6923.28857421875,11655,36.79999923706055,82150,1996,6682.23388671875
52,7192,11703,40.209999084472656,82150,1997,6923.28857421875
66,6958.6103515625,11600,38.279998779296875,82150,1998,7192
48.70000076293945,6852.072265625,3117,5.800000190734863,82155,1993,6694.5546875
51.70000076293945,7067.6318359375,3148,6.800000190734863,82155,1994,6852.072265625
62.20000076293945,7287.794921875,3213,6.670000076293945,82155,1995,7067.6318359375
72.19999694824219,7199.48388671875,3209,6.539999961853027,82155,1996,7287.794921875
69,7042,3234,7.090000152587891,82155,1997,7199.48388671875
83,7062.98486328125,3261,6.730000019073486,82155,1998,7042
35.400001525878906,5842.421875,16408,22.299999237060547,82160,1993,5705.01416015625
41.599998474121094,5931.56884765625,16259,24.799999237060547,82160,1994,5842.421875
50.599998474121094,6559.015625,15370,26.729999542236328,82160,1995,5931.56884765625
51.400001525878906,6399.541015625,14992,24.809999465942383,82160,1996,6559.015625
52,6304,15151,26.799999237060547,82160,1997,6399.541015625
67,6278.20849609375,15135,28.479999542236328,82160,1998,6304
31.600000381469727,4874.97900390625,5046,20.299999237060547,82170,1993,4829.87158203125
37,5123.65380859375,4866,21.299999237060547,82170,1994,4874.97900390625
55.79999923706055,5456.3681640625,4736,20.809999465942383,82170,1995,5123.65380859375
49.70000076293945,5697.80126953125,4770,21.549999237060547,82170,1996,5456.3681640625
59,5718,4879,23.530000686645508,82170,1997,5697.80126953125
59,5668.70263671875,5025,23.290000915527344,82170,1998,5718
45.900001525878906,5217.0830078125,1601,18.700000762939453,82180,1993,5128.44970703125
35.400001525878906,5577.42919921875,1583,20.799999237060547,82180,1994,5217.0830078125
51.29999923706055,6316.791015625,1590,15.630000114440918,82180,1995,5577.42919921875
68.80000305175781,6371.92138671875,1628,18.049999237060547,82180,1996,6316.791015625
74,6151,1667,17.420000076293945,82180,1997,6371.92138671875
73,6248.6689453125,1677,21.010000228881836,82180,1998,6151
42,5385.9130859375,2625,11.100000381469727,82230,1993,5443.04345703125
56.5,5743.12744140625,2703,11.300000190734863,82230,1994,5385.9130859375
73.80000305175781,6113.533203125,2767,12.239999771118164,82230,1995,5743.12744140625
81.19999694824219,6213.365234375,2887,12.920000076293945,82230,1996,6113.533203125
71,6120,2930,13.90999984741211,82230,1997,6213.365234375
88,6132.478515625,2949,12.100000381469727,82230,1998,6120
36.29999923706055,6350.02392578125,2210,46.70000076293945,82240,1993,6058.50341796875
45.20000076293945,6081.0224609375,2266,47.099998474121094,82240,1994,6350.02392578125
44.900001525878906,6702.24365234375,2143,52.689998626708984,82240,1995,6081.0224609375
60.79999923706055,6810.7646484375,2132,56.79999923706055,82240,1996,6702.24365234375
49,7125,2194,57.599998474121094,82240,1997,6810.7646484375
43,7226.4384765625,2196,56.72999954223633,82240,1998,7125
13,5975.708984375,1689,60.900001525878906,82250,1993,5235.9833984375
13.800000190734863,7392.5302734375,1398,64.4000015258789,82250,1994,5975.708984375
52.599998474121094,7214.07470703125,1350,63.72999954223633,82250,1995,7392.5302734375
75.80000305175781,7034.78955078125,1342,74.8499984741211,82250,1996,7214.07470703125
68,7001,1323,73.41999816894531,82250,1997,7034.78955078125
61,7262.87109375,1256,75.68000030517578,82250,1998,7001
41.900001525878906,5012.708984375,3003,10.600000381469727,82290,1993,4877.9189453125
45.5,5269.8583984375,2885,10.800000190734863,82290,1994,5012.708984375
76.5,5954.5078125,2711,12.90999984741211,82290,1995,5269.8583984375
86.69999694824219,5983.20263671875,2692,12.960000038146973,82290,1996,5954.5078125
74,6518,2740,12.149999618530273,82290,1997,5983.20263671875
85,6161.03369140625,2690,12.109999656677246,82290,1998,6518
65,6403.3388671875,1862,1.399999976158142,82300,1993,6514.9501953125
77.5999984741211,6822.87451171875,1898,1.2999999523162842,82300,1994,6403.3388671875
71.9000015258789,7423.6513671875,1961,2.140000104904175,82300,1995,6822.87451171875
83.5,7228.1259765625,2059,2.5799999237060547,82300,1996,7423.6513671875
83,7560,2022,1.5299999713897705,82300,1997,7228.1259765625
75,7009.81298828125,2067,1.0399999618530273,82300,1998,7560
64.80000305175781,6649.92041015625,984,4.5,82320,1993,6448.599609375
52.29999923706055,6809.87841796875,1026,6.099999904632568,82320,1994,6649.92041015625
72.0999984741211,6936.04296875,1022,7.400000095367432,82320,1995,6809.87841796875
74,6769.84716796875,1093,7.260000228881836,82320,1996,6936.04296875
58,6455,1096,9.609999656677246,82320,1997,6769.84716796875
82,6663.2119140625,1098,10.300000190734863,82320,1998,6455
40,5453.66748046875,2221,14.399999618530273,82340,1993,4927.10986328125
52.400001525878906,6620.3544921875,1991,18.100000381469727,82340,1994,5453.66748046875
61.20000076293945,6433.69091796875,1945,17.399999618530273,82340,1995,6620.3544921875
53.400001525878906,6337.1416015625,2025,18.190000534057617,82340,1996,6433.69091796875
55,7012,1872,15.520000457763672,82340,1997,6337.1416015625
70,6548.99072265625,1943,18.6299991607666,82340,1998,7012
42.900001525878906,5034.923828125,4797,20.899999618530273,82365,1993,4597.64453125
43.900001525878906,5966.224609375,4647,19.700000762939453,82365,1994,5034.923828125
62.599998474121094,6527.4208984375,4571,21.81999969482422,82365,1995,5966.224609375
71.5,6526.38623046875,4626,21.25,82365,1996,6527.4208984375
67,6677,4678,21.979999542236328,82365,1997,6526.38623046875
78,6670.1044921875,4707,22.389999389648438,82365,1998,6677
66.5,6065.67822265625,4132,9.699999809265137,82390,1993,6187.7724609375
78.0999984741211,6310.61767578125,4158,8.800000190734863,82390,1994,6065.67822265625
79.80000305175781,6698.03125,4507,4.309999942779541,82390,1995,6310.61767578125
88.5999984741211,6977.5048828125,4725,3.2200000286102295,82390,1996,6698.03125
91,6700,4911,1.5499999523162842,82390,1997,6977.5048828125
93,6770.5400390625,4971,1.399999976158142,82390,1998,6700
54.599998474121094,5681.36669921875,2100,9.300000190734863,82400,1993,5621.50390625
50.29999923706055,6208.81591796875,2089,9.800000190734863,82400,1994,5681.36669921875
63.400001525878906,6679.07470703125,2063,9.630000114440918,82400,1995,6208.81591796875
73.4000015258789,6580.60205078125,2039,12.479999542236328,82400,1996,6679.07470703125
77,7117,2085,10.40999984741211,82400,1997,6580.60205078125
82,6491.88037109375,2085,13.90999984741211,82400,1998,7117
34.70000076293945,4857.20751953125,4704,13.100000381469727,82405,1993,4760.0888671875
39.29999923706055,5237.36865234375,4605,11.199999809265137,82405,1994,4857.20751953125
63,5816.544921875,4300,10.829999923706055,82405,1995,5237.36865234375
71.19999694824219,6217.45703125,4218,10.6899995803833,82405,1996,5816.544921875
67,6417,4373,10.739999771118164,82405,1997,6217.45703125
73,6170.88037109375,4328,11.359999656677246,82405,1998,6417
24.899999618530273,5382.5810546875,6901,24.299999237060547,82430,1993,4879.0625
30.799999237060547,5718.21875,6797,26.600000381469727,82430,1994,5382.5810546875
45.400001525878906,6331.53515625,6157,24.93000030517578,82430,1995,5718.21875
56.79999923706055,6612.3134765625,6040,25.15999984741211,82430,1996,6331.53515625
68,6364,6179,24.3799991607666,82430,1997,6612.3134765625
63,6420.98486328125,6188,25.389999389648438,82430,1998,6364
41.099998474121094,4104.134765625,3839,32.5,83010,1993,4196.1083984375
42.099998474121094,4448.947265625,3923,35.099998474121094,83010,1994,4104.134765625
61.29999923706055,4982.45068359375,3956,33.40999984741211,83010,1995,4448.947265625
58.599998474121094,5114.72265625,3991,32.459999084472656,83010,1996,4982.45068359375
62,5219,3988,31.8799991607666,83010,1997,5114.72265625
73,5417.61328125,3923,31.56999969482422,83010,1998,5219
34.900001525878906,4087.473876953125,972,45.20000076293945,83060,1993,3816.307861328125
26.799999237060547,4627.6416015625,928,33.70000076293945,83060,1994,4087.473876953125
53.400001525878906,5056.1708984375,928,38.75,83060,1995,4627.6416015625
41.400001525878906,5356.1376953125,950,38.91999816894531,83060,1996,5056.1708984375
48,5557,955,38.439998626708984,83060,1997,5356.1376953125
51,5617.5,986,38.2599983215332,83060,1998,5557
31.299999237060547,3564.32177734375,920,42,83070,1993,3452.523193359375
25.700000762939453,3767.742919921875,969,36.900001525878906,83070,1994,3564.32177734375
43.900001525878906,4277.8935546875,950,36.880001068115234,83070,1995,3767.742919921875
31.299999237060547,4518.34619140625,958,39.63999938964844,83070,1996,4277.8935546875
17,5089,936,32.97999954223633,83070,1997,4518.34619140625
79,5297.48486328125,945,40.31999969482422,83070,1998,5089
